start_ip,end_ip,join_key,hosting,proxy,tor,vpn,relay,service
118.195.251.24,118.195.251.30,118.195.0.0,true,,,,,
103.142.210.136,103.142.210.136,103.142.0.0,,,,true,,
108.174.71.85,108.174.71.85,108.174.0.0,,,,true,,
111.118.251.218,111.118.251.218,111.118.0.0,,,,true,,
118.69.109.143,118.69.109.151,118.69.0.0,,,,true,,
103.48.50.197,103.48.50.197,103.48.0.0,true,,,true,,
117.81.53.91,117.81.53.91,117.81.0.0,,,,true,,
105.29.77.33,105.29.77.33,105.29.0.0,,,,true,,
119.167.115.2,119.167.115.2,119.167.0.0,,,,true,,
103.225.27.183,103.225.27.183,103.225.0.0,,,,true,,
115.153.29.147,115.153.29.147,115.153.0.0,,,,true,,
109.234.34.55,109.234.34.56,109.234.0.0,true,,,,,
104.188.25.184,104.188.25.184,104.188.0.0,,,,true,,
114.171.36.177,114.171.36.177,114.171.0.0,,,,true,,
123.187.211.150,123.187.211.150,123.187.0.0,,,,true,,
101.43.159.253,101.43.160.36,101.43.0.0,true,,,,,
119.116.248.81,119.116.248.81,119.116.0.0,,,,true,,
116.12.59.6,116.12.59.6,116.12.0.0,,,,true,,
115.78.228.101,115.78.228.101,115.78.0.0,,,,true,,
12.70.149.66,12.70.149.66,12.70.0.0,,,,true,,
123.207.29.251,123.207.29.251,123.207.0.0,true,,,true,,
119.108.241.25,119.108.241.25,119.108.0.0,,,,true,,
112.198.20.62,112.198.20.62,112.198.0.0,,,,true,,
117.218.234.174,117.218.234.174,117.218.0.0,,,,true,,
12.36.86.226,12.36.86.226,12.36.0.0,,,,true,,
119.245.34.232,119.245.34.232,119.245.0.0,,,,true,,
114.168.254.92,114.168.254.92,114.168.0.0,,,,true,,
114.145.140.242,114.145.140.242,114.145.0.0,,,,true,,
123.130.247.190,123.130.247.190,123.130.0.0,,,,true,,
113.41.159.10,113.41.159.10,113.41.0.0,,,,true,,
119.91.102.76,119.91.102.115,119.91.0.0,true,,,,,
119.238.193.38,119.238.193.38,119.238.0.0,,,,true,,
1.1.178.14,1.1.178.14,1.1.0.0,,,,true,,
115.171.238.172,115.171.238.175,115.171.0.0,,,,true,,
103.254.102.0,103.254.102.7,103.254.0.0,,,,true,,
123.10.79.206,123.10.79.206,123.10.0.0,,,,true,,
114.220.129.235,114.220.129.235,114.220.0.0,,,,true,,
121.178.123.250,121.178.123.250,121.178.0.0,,,,true,,
112.95.168.222,112.95.168.222,112.95.0.0,,,,true,,
111.172.248.251,111.172.248.251,111.172.0.0,,,,true,,
111.85.14.80,111.85.14.83,111.85.0.0,,,,true,,
103.103.1.248,103.103.1.251,103.103.0.0,,,,true,,
121.61.225.41,121.61.225.41,121.61.0.0,,,,true,,
117.82.2.145,117.82.2.145,117.82.0.0,,,,true,,
119.245.192.149,119.245.192.149,119.245.0.0,,,,true,,
102.66.163.145,102.66.163.145,102.66.0.0,,,,true,,
114.44.124.28,114.44.124.28,114.44.0.0,,,,true,,
109.95.77.66,109.95.77.67,109.95.0.0,true,,,true,,
119.245.95.154,119.245.95.154,119.245.0.0,,,,true,,
109.61.185.145,109.61.185.145,109.61.0.0,,,,true,,
103.52.17.221,103.52.17.221,103.52.0.0,true,,,true,,
117.42.15.230,117.42.15.230,117.42.0.0,,,,true,,
117.191.93.125,117.191.93.125,117.191.0.0,,,,true,,
12.154.220.77,12.154.220.77,12.154.0.0,,,,true,,
101.69.143.24,101.69.143.24,101.69.0.0,,,,true,,
102.65.146.67,102.65.146.67,102.65.0.0,,,,true,,
114.159.245.191,114.159.245.191,114.159.0.0,,,,true,,
115.195.69.214,115.195.69.214,115.195.0.0,,,,true,,
103.120.135.108,103.120.135.108,103.120.0.0,,,,true,,
104.193.8.0,104.193.11.255,104.193.0.0,true,,,,,
106.46.168.165,106.46.168.165,106.46.0.0,,,,true,,
106.180.166.66,106.180.166.66,106.180.0.0,,,,true,,
101.97.57.242,101.97.57.242,101.97.0.0,,,,true,,
114.97.200.106,114.97.200.106,114.97.0.0,,,,true,,
113.161.64.251,113.161.64.251,113.161.0.0,,,,true,,
12.52.8.165,12.52.8.165,12.52.0.0,,,,true,,
118.89.50.54,118.89.50.54,118.89.0.0,true,,,true,,
118.112.190.98,118.112.190.98,118.112.0.0,,,,true,,
110.80.172.37,110.80.172.37,110.80.0.0,,,,true,,
121.188.220.192,121.188.220.192,121.188.0.0,,,,true,,
12.166.93.166,12.166.93.166,12.166.0.0,,,,true,,
113.142.55.74,113.142.55.74,113.142.0.0,,,,true,,
103.76.151.116,103.76.151.116,103.76.0.0,,,,true,,
107.191.53.100,107.191.53.147,107.191.0.0,true,,,,,
117.30.223.117,117.30.223.117,117.30.0.0,,,,true,,
113.118.216.93,113.118.216.93,113.118.0.0,,,,true,,
107.144.150.82,107.144.150.82,107.144.0.0,,,,true,,
113.219.125.184,113.219.125.184,113.219.0.0,,,,true,,
115.69.127.102,115.69.127.102,115.69.0.0,,,,true,,
111.63.44.34,111.63.44.34,111.63.0.0,,,,true,,
118.163.253.38,118.163.253.38,118.163.0.0,,,,true,,
12.15.160.203,12.15.160.203,12.15.0.0,,,,true,,
112.112.43.230,112.112.43.230,112.112.0.0,,,,true,,
112.123.111.149,112.123.111.149,112.123.0.0,,,,true,,
112.183.27.144,112.183.27.144,112.183.0.0,,,,true,,
1.252.22.42,1.252.22.42,1.252.0.0,,,,true,,
117.81.144.231,117.81.144.231,117.81.0.0,,,,true,,
115.78.94.162,115.78.94.162,115.78.0.0,,,,true,,
115.206.122.100,115.206.122.100,115.206.0.0,,,,true,,
112.28.8.98,112.28.8.98,112.28.0.0,,,,true,,
115.203.228.155,115.203.228.155,115.203.0.0,,,,true,,
115.196.183.2,115.196.183.2,115.196.0.0,,,,true,,
12.153.234.138,12.153.234.138,12.153.0.0,,,,true,,
114.156.13.80,114.156.13.80,114.156.0.0,,,,true,,
122.142.236.239,122.142.236.239,122.142.0.0,,,,true,,
117.33.247.112,117.33.247.112,117.33.0.0,,,,true,,
120.83.155.68,120.83.155.68,120.83.0.0,,,,true,,
117.84.165.56,117.84.165.56,117.84.0.0,,,,true,,
121.17.170.150,121.17.170.150,121.17.0.0,,,,true,,
12.245.87.6,12.245.87.6,12.245.0.0,,,,true,,
111.225.114.115,111.225.114.115,111.225.0.0,,,,true,,
116.86.4.56,116.86.4.56,116.86.0.0,,,,true,,
113.37.17.42,113.37.17.42,113.37.0.0,,,,true,,
114.245.111.43,114.245.111.43,114.245.0.0,,,,true,,
115.202.140.150,115.202.140.150,115.202.0.0,,,,true,,
115.243.76.41,115.243.76.42,115.243.0.0,,,,true,,
115.163.94.176,115.163.94.176,115.163.0.0,,,,true,,
122.227.234.78,122.227.234.78,122.227.0.0,,,,true,,
108.162.174.62,108.162.174.62,108.162.0.0,,,,true,,
114.107.21.148,114.107.21.148,114.107.0.0,,,,true,,
103.178.17.154,103.178.17.155,103.178.0.0,,,,true,,
12.146.241.58,12.146.241.58,12.146.0.0,,,,true,,
117.56.73.61,117.56.73.61,117.56.0.0,,,,true,,
113.98.196.194,113.98.196.194,113.98.0.0,,,,true,,
103.173.121.190,103.173.121.190,103.173.0.0,,,,true,,
117.29.92.184,117.29.92.184,117.29.0.0,,,,true,,
113.70.124.23,113.70.124.23,113.70.0.0,,,,true,,
103.113.57.141,103.113.57.191,103.113.0.0,true,,,,,
12.182.213.2,12.182.213.2,12.182.0.0,,,,true,,
108.128.239.202,108.128.239.202,108.128.0.0,true,,,true,,
114.238.138.7,114.238.138.7,114.238.0.0,,,,true,,
113.163.220.79,113.163.220.79,113.163.0.0,,,,true,,
115.179.200.114,115.179.200.115,115.179.0.0,,,,true,,
12.34.169.114,12.34.169.115,12.34.0.0,,,,true,,
114.241.104.121,114.241.104.121,114.241.0.0,,,,true,,
121.101.83.224,121.101.83.231,121.101.0.0,,,,true,,
118.211.74.32,118.211.74.32,118.211.0.0,,,,true,,
114.178.11.251,114.178.11.251,114.178.0.0,,,,true,,
103.194.175.51,103.194.175.52,103.194.0.0,true,,,,,
115.218.238.178,115.218.238.178,115.218.0.0,,,,true,,
104.148.115.24,104.148.115.24,104.148.0.0,true,,,,,
123.101.71.168,123.101.71.168,123.101.0.0,,,,true,,
117.26.223.199,117.26.223.199,117.26.0.0,,,,true,,
114.242.116.62,114.242.116.62,114.242.0.0,,true,,,,
103.208.5.118,103.208.5.118,103.208.0.0,,,,true,,
115.211.117.218,115.211.117.218,115.211.0.0,,,,true,,
114.175.20.148,114.175.20.148,114.175.0.0,,,,true,,
114.232.217.176,114.232.217.176,114.232.0.0,,,,true,,
118.2.92.42,118.2.92.42,118.2.0.0,,,,true,,
116.23.174.15,116.23.174.15,116.23.0.0,,,,true,,
103.28.112.173,103.28.112.173,103.28.0.0,,,,true,,
114.42.129.79,114.42.129.79,114.42.0.0,,,,true,,
117.30.173.120,117.30.173.121,117.30.0.0,,,,true,,
117.2.165.234,117.2.165.234,117.2.0.0,,,,true,,
103.8.142.63,103.8.142.63,103.8.0.0,,,,true,,
12.195.156.2,12.195.156.2,12.195.0.0,,,,true,,
122.211.138.139,122.211.138.139,122.211.0.0,,,,true,,
115.231.220.145,115.231.220.145,115.231.0.0,,,,true,,
103.153.226.0,103.153.226.1,103.153.0.0,true,,,,,
117.52.72.57,117.52.72.57,117.52.0.0,,,,true,,
120.41.154.56,120.41.154.56,120.41.0.0,,,,true,,
12.191.37.61,12.191.37.61,12.191.0.0,,,,true,,
113.65.162.235,113.65.162.235,113.65.0.0,,,,true,,
103.143.190.210,103.143.190.210,103.143.0.0,,,,true,,
118.27.27.227,118.27.27.227,118.27.0.0,true,,,true,,
103.100.31.186,103.100.31.186,103.100.0.0,,,,true,,
101.58.25.87,101.58.25.87,101.58.0.0,,,,true,,
110.2.125.88,110.2.125.88,110.2.0.0,,,,true,,
113.120.243.114,113.120.243.114,113.120.0.0,,,,true,,
120.211.143.128,120.211.143.159,120.211.0.0,,,,true,,
109.234.201.147,109.234.201.159,109.234.0.0,true,,,,,
119.18.21.19,119.18.21.20,119.18.0.0,,,,true,,
119.108.123.45,119.108.123.45,119.108.0.0,,,,true,,
119.179.144.224,119.179.144.224,119.179.0.0,,,,true,,
123.163.38.204,123.163.38.204,123.163.0.0,,,,true,,
112.182.150.106,112.182.150.106,112.182.0.0,,,,true,,
121.232.123.250,121.232.123.251,121.232.0.0,,,,true,,
114.33.115.69,114.33.115.69,114.33.0.0,,,,true,,
121.167.206.133,121.167.206.133,121.167.0.0,,,,true,,
115.90.139.122,115.90.139.122,115.90.0.0,,,,true,,
1.6.132.162,1.6.132.162,1.6.0.0,,,,true,,
110.67.96.112,110.67.96.112,110.67.0.0,,,,true,,
117.217.122.64,117.217.122.83,117.217.0.0,,,,true,,
105.242.50.211,105.242.50.211,105.242.0.0,,,,true,,
123.10.128.240,123.10.128.240,123.10.0.0,,,,true,,
114.32.247.144,114.32.247.144,114.32.0.0,,,,true,,
110.4.179.117,110.4.179.117,110.4.0.0,,,,true,,
120.159.169.183,120.159.169.183,120.159.0.0,,,,true,,
122.58.172.192,122.58.172.192,122.58.0.0,,,,true,,
119.2.50.209,119.2.50.209,119.2.0.0,,,,true,,
122.116.238.100,122.116.238.100,122.116.0.0,,,,true,,
119.52.218.183,119.52.218.183,119.52.0.0,,,,true,,
107.22.18.125,107.22.23.45,107.22.0.0,true,,,,,
12.222.220.202,12.222.220.202,12.222.0.0,,,,true,,
110.251.89.191,110.251.89.191,110.251.0.0,,,,true,,
104.1.6.241,104.1.6.242,104.1.0.0,,,,true,,
108.18.251.183,108.18.251.183,108.18.0.0,,,,true,,
115.162.132.251,115.162.132.252,115.162.0.0,,,,true,,
123.14.95.131,123.14.95.131,123.14.0.0,,,,true,,
122.6.55.140,122.6.55.140,122.6.0.0,,,,true,,
123.200.126.187,123.200.126.187,123.200.0.0,,,,true,,
104.195.142.111,104.195.142.111,104.195.0.0,,,,true,,
109.115.113.146,109.115.113.146,109.115.0.0,,,,true,,
115.201.220.87,115.201.220.87,115.201.0.0,,,,true,,
104.201.115.122,104.201.115.122,104.201.0.0,,,,true,,
123.117.175.54,123.117.175.54,123.117.0.0,,,,true,,
101.89.200.106,101.89.200.106,101.89.0.0,,,,true,,
107.208.221.177,107.208.221.177,107.208.0.0,,,,true,,
116.94.118.216,116.94.118.216,116.94.0.0,,,,true,,
118.130.222.85,118.130.222.85,118.130.0.0,,,,true,,
119.129.83.215,119.129.83.215,119.129.0.0,,,,true,,
122.24.12.79,122.24.12.79,122.24.0.0,,,,true,,
115.78.239.122,115.78.239.122,115.78.0.0,,,,true,,
107.204.225.156,107.204.225.156,107.204.0.0,,,,true,,
112.139.177.54,112.139.177.54,112.139.0.0,,,,true,,
123.169.38.88,123.169.38.88,123.169.0.0,,,,true,,
119.36.28.61,119.36.28.62,119.36.0.0,,,,true,,
115.222.253.56,115.222.253.56,115.222.0.0,,,,true,,
115.219.99.190,115.219.99.190,115.219.0.0,,,,true,,
111.180.37.89,111.180.37.89,111.180.0.0,,,,true,,
111.107.109.218,111.107.109.218,111.107.0.0,,,,true,,
117.62.70.144,117.62.70.144,117.62.0.0,,,,true,,
104.200.150.81,104.200.150.82,104.200.0.0,true,,,true,,
109.194.163.63,109.194.163.63,109.194.0.0,,,,true,,
103.89.82.81,103.89.82.81,103.89.0.0,,,,true,,
114.35.8.197,114.35.8.197,114.35.0.0,,,,true,,
109.190.232.164,109.190.232.164,109.190.0.0,,,,true,,
123.190.192.179,123.190.192.179,123.190.0.0,,,,true,,
118.62.204.41,118.62.204.41,118.62.0.0,,,,true,,
107.207.173.145,107.207.173.145,107.207.0.0,,,,true,,
109.168.49.142,109.168.49.155,109.168.0.0,true,,,,,
108.34.197.58,108.34.197.58,108.34.0.0,,,,true,,
108.128.202.114,108.128.202.173,108.128.0.0,true,,,,,
109.170.206.65,109.170.206.65,109.170.0.0,,,,true,,
121.12.144.50,121.12.144.50,121.12.0.0,,,,true,,
103.154.6.129,103.154.6.129,103.154.0.0,,,,true,,
119.180.136.92,119.180.136.92,119.180.0.0,,,,true,,
114.242.18.27,114.242.18.27,114.242.0.0,,,,true,,
114.173.5.128,114.173.5.128,114.173.0.0,,,,true,,
115.79.125.203,115.79.125.203,115.79.0.0,,,,true,,
113.137.39.184,113.137.39.184,113.137.0.0,,,,true,,
115.77.184.39,115.77.184.39,115.77.0.0,,,,true,,
111.196.134.95,111.196.134.95,111.196.0.0,,,,true,,
108.58.75.77,108.58.75.77,108.58.0.0,,,,true,,
122.246.51.46,122.246.51.46,122.246.0.0,,,,true,,
103.103.146.11,103.103.146.16,103.103.0.0,true,,,,,
112.220.239.26,112.220.239.26,112.220.0.0,,,,true,,
101.56.213.64,101.56.213.95,101.56.0.0,,,,true,,
119.242.37.38,119.242.37.38,119.242.0.0,,,,true,,
109.165.180.237,109.165.180.237,109.165.0.0,,,,true,,
114.25.115.245,114.25.115.245,114.25.0.0,,,,true,,
119.41.37.249,119.41.37.249,119.41.0.0,,,,true,,
118.41.189.140,118.41.189.140,118.41.0.0,,,,true,,
114.99.47.172,114.99.47.172,114.99.0.0,,,,true,,
117.68.254.181,117.68.254.181,117.68.0.0,,,,true,,
122.159.32.23,122.159.32.23,122.159.0.0,,,,true,,
112.27.16.121,112.27.16.121,112.27.0.0,,,,true,,
123.208.251.82,123.208.251.82,123.208.0.0,,,,true,,
1.162.96.133,1.162.96.133,1.162.0.0,,,,true,,
123.203.102.248,123.203.102.248,123.203.0.0,,,,true,,
112.119.43.139,112.119.43.139,112.119.0.0,,,,true,,
106.245.236.34,106.245.236.34,106.245.0.0,,,,true,,
120.157.14.132,120.157.14.132,120.157.0.0,,,,true,,
114.229.82.219,114.229.82.219,114.229.0.0,,,,true,,
103.55.77.145,103.55.77.145,103.55.0.0,,,,true,,
111.198.72.250,111.198.72.250,111.198.0.0,,,,true,,
104.186.38.15,104.186.38.15,104.186.0.0,,,,true,,
110.174.123.34,110.174.123.34,110.174.0.0,,,,true,,
113.161.59.145,113.161.59.145,113.161.0.0,,,,true,,
108.46.189.62,108.46.189.62,108.46.0.0,,,,true,,
119.191.5.102,119.191.5.102,119.191.0.0,,,,true,,
122.225.71.82,122.225.71.82,122.225.0.0,,,,true,,
109.239.253.69,109.239.253.69,109.239.0.0,,,,true,,
109.120.189.122,109.120.189.122,109.120.0.0,,,,true,,
115.182.73.160,115.182.73.209,115.182.0.0,,,,true,,
110.142.182.115,110.142.182.115,110.142.0.0,,,,true,,
114.237.133.2,114.237.133.2,114.237.0.0,,,,true,,
110.11.61.145,110.11.61.145,110.11.0.0,,,,true,,
114.42.171.211,114.42.171.211,114.42.0.0,,,,true,,
116.52.161.210,116.52.161.210,116.52.0.0,,,,true,,
106.201.238.32,106.201.238.32,106.201.0.0,,,,true,,
114.235.27.121,114.235.27.122,114.235.0.0,,,,true,,
115.162.102.232,115.162.102.232,115.162.0.0,,,,true,,
115.12.231.54,115.12.231.54,115.12.0.0,,,,true,,
119.217.132.201,119.217.132.201,119.217.0.0,,,,true,,
109.173.2.22,109.173.2.22,109.173.0.0,,,,true,,
122.194.122.106,122.194.122.106,122.194.0.0,,,,true,,
110.173.186.224,110.173.186.227,110.173.0.0,,,,true,,
103.237.32.217,103.237.32.217,103.237.0.0,true,,,true,,
118.27.34.244,118.27.34.244,118.27.0.0,true,,,true,,
113.116.159.76,113.116.159.76,113.116.0.0,,,,true,,
121.201.86.88,121.201.86.89,121.201.0.0,,,,true,,
109.129.103.26,109.129.103.26,109.129.0.0,,,,true,,
115.110.231.194,115.110.231.194,115.110.0.0,,,,true,,
114.34.26.118,114.34.26.118,114.34.0.0,,,,true,,
116.12.171.109,116.12.171.109,116.12.0.0,,,,true,,
12.37.12.210,12.37.12.210,12.37.0.0,,,,true,,
119.28.1.78,119.28.1.78,119.28.0.0,true,,,true,,
1.34.173.237,1.34.173.237,1.34.0.0,,,,true,,
109.250.196.253,109.250.196.253,109.250.0.0,,,,true,,
115.29.175.66,115.29.175.66,115.29.0.0,,,,true,,
112.95.49.173,112.95.49.173,112.95.0.0,,,,true,,
120.196.180.130,120.196.180.131,120.196.0.0,,,,true,,
123.149.9.225,123.149.9.226,123.149.0.0,,,,true,,
121.161.242.143,121.161.242.143,121.161.0.0,,,,true,,
121.103.34.167,121.103.34.167,121.103.0.0,,,,true,,
103.112.14.142,103.112.14.142,103.112.0.0,true,,,true,,
108.30.28.75,108.30.28.75,108.30.0.0,,,,true,,
119.212.235.40,119.212.235.40,119.212.0.0,,,,true,,
119.252.121.215,119.252.121.215,119.252.0.0,,,,true,,
117.64.148.53,117.64.148.53,117.64.0.0,,,,true,,
110.232.86.68,110.232.86.69,110.232.0.0,,,,true,,
1.6.24.138,1.6.24.138,1.6.0.0,,,,true,,
116.83.232.252,116.83.232.252,116.83.0.0,,,,true,,
111.39.29.40,111.39.29.40,111.39.0.0,,,,true,,
118.195.248.170,118.195.248.175,118.195.0.0,true,,,,,
121.173.214.0,121.173.214.255,121.173.0.0,,,,true,,VPN Gate
119.18.30.27,119.18.30.27,119.18.0.0,,,,true,,
115.39.246.87,115.39.246.87,115.39.0.0,,,,true,,
109.226.29.245,109.226.29.245,109.226.0.0,,,,true,,
114.239.152.32,114.239.152.32,114.239.0.0,,,,true,,
115.141.145.94,115.141.145.94,115.141.0.0,,,,true,,
119.108.104.153,119.108.104.153,119.108.0.0,,,,true,,
115.70.208.62,115.70.208.62,115.70.0.0,,,,true,,
121.113.4.225,121.113.4.225,121.113.0.0,,,,true,,
114.227.147.176,114.227.147.176,114.227.0.0,,,,true,,
12.71.10.23,12.71.10.23,12.71.0.0,,,,true,,
111.178.245.207,111.178.245.207,111.178.0.0,,,,true,,
12.201.170.218,12.201.170.218,12.201.0.0,,,,true,,
113.119.134.18,113.119.134.18,113.119.0.0,,,,true,,
122.195.123.80,122.195.123.83,122.195.0.0,,,,true,,
117.86.159.101,117.86.159.103,117.86.0.0,,,,true,,
104.255.228.144,104.255.228.194,104.255.0.0,true,,,,,
111.2.10.76,111.2.10.83,111.2.0.0,,,,true,,
119.165.90.252,119.165.90.252,119.165.0.0,,,,true,,
109.170.245.74,109.170.245.74,109.170.0.0,,,,true,,
104.28.102.39,104.28.102.42,104.28.0.0,true,,,,,
121.230.8.50,121.230.8.50,121.230.0.0,,,,true,,
104.218.223.242,104.218.223.242,104.218.0.0,,,,true,,
114.102.58.215,114.102.58.215,114.102.0.0,,,,true,,
122.216.241.226,122.216.241.226,122.216.0.0,,,,true,,
121.224.156.242,121.224.156.242,121.224.0.0,,,,true,,
108.30.197.142,108.30.197.142,108.30.0.0,,,,true,,
1.196.131.179,1.196.131.179,1.196.0.0,,,,true,,
121.5.104.52,121.5.104.52,121.5.0.0,true,,,true,,
101.56.183.72,101.56.183.73,101.56.0.0,,,,true,,
108.170.12.24,108.170.12.31,108.170.0.0,true,,,,,
122.18.250.149,122.18.250.149,122.18.0.0,,,,true,,
1.34.69.7,1.34.69.7,1.34.0.0,,,,true,,
109.173.100.120,109.173.100.127,109.173.0.0,,,,true,,
114.36.205.172,114.36.205.172,114.36.0.0,,,,true,,
111.172.98.121,111.172.98.121,111.172.0.0,,,,true,,
103.116.235.66,103.116.235.66,103.116.0.0,,,,true,,
119.96.238.30,119.96.238.30,119.96.0.0,,,,true,,
117.42.15.192,117.42.15.195,117.42.0.0,,,,true,,
123.0.122.213,123.0.123.255,123.0.0.0,true,,,,,
110.90.127.190,110.90.127.190,110.90.0.0,,,,true,,
112.119.46.94,112.119.46.94,112.119.0.0,,,,true,,
101.108.15.104,101.108.15.104,101.108.0.0,,,,true,,
117.174.143.233,117.174.143.233,117.174.0.0,,,,true,,
113.17.86.6,113.17.86.6,113.17.0.0,,,,true,,
109.70.17.79,109.70.17.79,109.70.0.0,,,,true,,
103.231.8.98,103.231.8.150,103.231.0.0,true,,,,,
121.242.124.146,121.242.124.146,121.242.0.0,,,,true,,
100.21.182.198,100.21.183.45,100.21.0.0,true,,,,,
111.93.245.194,111.93.245.195,111.93.0.0,,,,true,,
106.12.199.44,106.12.199.44,106.12.0.0,true,,,true,,
114.95.189.241,114.95.189.241,114.95.0.0,,,,true,,
103.165.159.62,103.165.159.62,103.165.0.0,,,,true,,
119.118.149.93,119.118.149.93,119.118.0.0,,,,true,,
121.126.137.232,121.126.137.247,121.126.0.0,,,,true,,
1.248.41.120,1.248.41.120,1.248.0.0,,,,true,,
108.178.91.14,108.178.91.14,108.178.0.0,,,,true,,
122.117.117.144,122.117.117.144,122.117.0.0,,,,true,,
113.77.241.163,113.77.241.163,113.77.0.0,,,,true,,
108.2.97.63,108.2.97.63,108.2.0.0,,,,true,,
105.225.71.117,105.225.71.117,105.225.0.0,,,,true,,
109.173.112.19,109.173.112.19,109.173.0.0,,,,true,,
115.150.210.237,115.150.210.237,115.150.0.0,,,,true,,
104.178.160.80,104.178.160.80,104.178.0.0,,,,true,,
121.239.134.214,121.239.134.214,121.239.0.0,,,,true,,
115.205.99.132,115.205.99.132,115.205.0.0,,,,true,,
109.109.97.10,109.109.97.10,109.109.0.0,,,,true,,
119.198.194.243,119.198.194.243,119.198.0.0,,,,true,,
113.21.128.10,113.21.128.10,113.21.0.0,,,,true,,
111.255.108.220,111.255.108.220,111.255.0.0,,,,true,,
101.56.181.171,101.56.181.171,101.56.0.0,,,,true,,
111.233.62.155,111.233.62.155,111.233.0.0,,,,true,,
115.20.243.74,115.20.243.74,115.20.0.0,,,,true,,
119.84.146.2,119.84.146.2,119.84.0.0,,,,true,,
121.227.129.90,121.227.129.90,121.227.0.0,,,,true,,
109.107.175.58,109.107.175.59,109.107.0.0,true,,,,,
116.132.12.50,116.132.12.50,116.132.0.0,,,,true,,
103.102.58.66,103.102.58.66,103.102.0.0,,,,true,,
118.62.243.221,118.62.243.221,118.62.0.0,,,,true,,
112.195.213.11,112.195.213.11,112.195.0.0,,,,true,,
106.225.196.47,106.225.196.47,106.225.0.0,,,,true,,
118.148.56.97,118.148.56.97,118.148.0.0,,,,true,,
1.174.111.117,1.174.111.117,1.174.0.0,,,,true,,
108.252.145.204,108.252.145.204,108.252.0.0,,,,true,,
107.201.229.212,107.201.229.212,107.201.0.0,,,,true,,
122.222.152.57,122.222.152.58,122.222.0.0,,,,true,,
118.105.253.143,118.105.253.143,118.105.0.0,,,,true,,
120.34.252.60,120.34.252.60,120.34.0.0,,,,true,,
121.234.174.150,121.234.174.150,121.234.0.0,,,,true,,
118.57.58.236,118.57.58.236,118.57.0.0,,,,true,,
104.54.191.169,104.54.191.169,104.54.0.0,,,,true,,
109.173.115.164,109.173.115.164,109.173.0.0,,,,true,,
118.238.253.162,118.238.253.163,118.238.0.0,,,,true,,
120.34.2.75,120.34.2.75,120.34.0.0,,,,true,,
112.112.90.220,112.112.90.220,112.112.0.0,,,,true,,
104.207.195.226,104.207.195.226,104.207.0.0,,,,true,,
115.124.92.69,115.124.92.69,115.124.0.0,,,,true,,
123.113.251.174,123.113.251.174,123.113.0.0,,,,true,,
108.29.218.186,108.29.218.186,108.29.0.0,,,,true,,
115.207.26.131,115.207.26.131,115.207.0.0,,,,true,,
114.113.144.194,114.113.144.194,114.113.0.0,,,,true,,
108.54.205.176,108.54.205.176,108.54.0.0,,,,true,,
110.67.206.50,110.67.206.50,110.67.0.0,,,,true,,
112.64.156.66,112.64.156.66,112.64.0.0,,,,true,,
104.11.167.65,104.11.167.65,104.11.0.0,,,,true,,
121.117.163.73,121.117.163.73,121.117.0.0,,,,true,,
121.138.67.0,121.138.68.255,121.138.0.0,,,,true,,VPN Gate
104.192.69.97,104.192.69.97,104.192.0.0,,,,true,,
122.27.67.10,122.27.67.11,122.27.0.0,,,,true,,
114.253.165.189,114.253.165.189,114.253.0.0,,,,true,,
114.176.155.109,114.176.155.109,114.176.0.0,,,,true,,
114.35.37.253,114.35.37.253,114.35.0.0,,,,true,,
103.85.250.104,103.85.250.104,103.85.0.0,,,,true,,
104.237.1.107,104.237.1.107,104.237.0.0,true,,,true,,
120.82.233.39,120.82.233.39,120.82.0.0,,,,true,,
108.160.98.116,108.160.98.116,108.160.0.0,,,,true,,
122.234.54.107,122.234.54.107,122.234.0.0,,,,true,,
12.138.170.146,12.138.170.147,12.138.0.0,,,,true,,
110.4.141.160,110.4.141.175,110.4.0.0,,,,true,,
101.43.195.78,101.43.195.78,101.43.0.0,true,,,true,,
117.90.133.48,117.90.133.48,117.90.0.0,,,,true,,
103.217.108.159,103.217.108.159,103.217.0.0,,,,true,,
100.24.158.38,100.24.158.38,100.24.0.0,true,,,true,,
116.226.68.241,116.226.68.241,116.226.0.0,,,,true,,
114.243.101.39,114.243.101.39,114.243.0.0,,,,true,,
103.231.7.114,103.231.7.114,103.231.0.0,,,,true,,
1.235.204.66,1.235.204.66,1.235.0.0,,,,true,,
122.249.226.95,122.249.226.95,122.249.0.0,,,,true,,
101.181.101.222,101.181.101.222,101.181.0.0,,,,true,,
113.35.111.234,113.35.111.234,113.35.0.0,,,,true,,
108.53.156.18,108.53.156.18,108.53.0.0,,,,true,,
122.140.1.172,122.140.1.172,122.140.0.0,,,,true,,
114.40.57.236,114.40.57.237,114.40.0.0,,,,true,,
12.26.216.99,12.26.216.99,12.26.0.0,,,,true,,
108.24.106.237,108.24.106.237,108.24.0.0,,,,true,,
112.122.228.66,112.122.228.66,112.122.0.0,,,,true,,
105.184.112.136,105.184.112.136,105.184.0.0,,,,true,,
109.70.193.150,109.70.193.150,109.70.0.0,,,,true,,
103.106.146.5,103.106.146.5,103.106.0.0,,,,true,,
118.7.240.149,118.7.240.149,118.7.0.0,,,,true,,
116.1.186.218,116.1.186.218,116.1.0.0,,,,true,,
110.170.203.2,110.170.203.2,110.170.0.0,,,,true,,
113.160.233.130,113.160.233.130,113.160.0.0,,,,true,,
1.7.199.203,1.7.199.203,1.7.0.0,,,,true,,
118.140.126.26,118.140.126.26,118.140.0.0,,,,true,,
119.193.167.64,119.193.167.64,119.193.0.0,,,,true,,
114.98.160.105,114.98.160.105,114.98.0.0,,,,true,,
1.63.209.113,1.63.209.113,1.63.0.0,,,,true,,
112.123.212.87,112.123.212.87,112.123.0.0,,,,true,,
116.109.78.168,116.109.78.168,116.109.0.0,,,,true,,
113.142.57.180,113.142.57.180,113.142.0.0,,,,true,,
106.46.187.194,106.46.187.194,106.46.0.0,,,,true,,
123.208.130.218,123.208.130.218,123.208.0.0,,,,true,,
116.204.182.64,116.204.182.65,116.204.0.0,true,,,,,
116.49.47.245,116.49.47.246,116.49.0.0,,,,true,,
121.232.16.76,121.232.16.79,121.232.0.0,,,,true,,
116.246.29.159,116.246.29.159,116.246.0.0,,,,true,,
107.170.208.171,107.170.208.194,107.170.0.0,true,,,,,
112.223.177.194,112.223.177.194,112.223.0.0,,,,true,,
121.60.58.29,121.60.58.29,121.60.0.0,,,,true,,
108.166.9.22,108.166.9.25,108.166.0.0,true,,,,,
115.205.131.16,115.205.131.16,115.205.0.0,,,,true,,
103.70.235.240,103.70.235.240,103.70.0.0,,,,true,,
109.15.139.255,109.15.140.1,109.15.0.0,,,,true,,
113.140.3.62,113.140.3.62,113.140.0.0,,,,true,,
106.242.6.66,106.242.6.66,106.242.0.0,,,,true,,
117.93.104.51,117.93.104.52,117.93.0.0,,,,true,,
122.223.217.48,122.223.217.48,122.223.0.0,,,,true,,
1.248.34.0,1.248.34.255,1.248.0.0,,,,true,,VPN Gate
109.218.191.199,109.218.191.199,109.218.0.0,,,,true,,
108.61.229.19,108.61.229.82,108.61.0.0,true,,,,,
103.68.197.248,103.68.197.248,103.68.0.0,,,,true,,
114.236.33.52,114.236.33.52,114.236.0.0,,,,true,,
1.119.186.122,1.119.186.122,1.119.0.0,,,,true,,
106.13.174.193,106.13.175.80,106.13.0.0,true,,,,,
105.234.158.12,105.234.158.13,105.234.0.0,,,,true,,
109.132.94.148,109.132.94.148,109.132.0.0,,,,true,,
12.159.68.210,12.159.68.210,12.159.0.0,,,,true,,
107.4.8.117,107.4.8.117,107.4.0.0,,,,true,,
108.30.103.78,108.30.103.78,108.30.0.0,,,,true,,
113.243.25.185,113.243.25.185,113.243.0.0,,,,true,,
122.51.148.115,122.51.148.115,122.51.0.0,true,,,true,,
12.51.188.211,12.51.188.211,12.51.0.0,,,,true,,
1.198.31.206,1.198.31.206,1.198.0.0,,,,true,,
119.218.203.218,119.218.203.218,119.218.0.0,,,,true,,
113.22.144.142,113.22.144.142,113.22.0.0,,,,true,,
118.34.182.192,118.34.182.192,118.34.0.0,,,,true,,
113.173.11.173,113.173.11.173,113.173.0.0,,,,true,,
106.249.255.82,106.249.255.82,106.249.0.0,,,,true,,
123.113.101.231,123.113.101.231,123.113.0.0,,,,true,,
119.12.42.154,119.12.42.154,119.12.0.0,,,,true,,
115.144.244.216,115.144.244.223,115.144.0.0,,,,true,,
101.231.169.228,101.231.169.228,101.231.0.0,,,,true,,
1.237.176.16,1.237.176.16,1.237.0.0,,,,true,,
117.159.245.233,117.159.245.233,117.159.0.0,,,,true,,
112.116.86.238,112.116.86.238,112.116.0.0,,,,true,,
117.30.231.44,117.30.231.45,117.30.0.0,,,,true,,
123.116.125.15,123.116.125.15,123.116.0.0,,,,true,,
113.103.197.51,113.103.197.52,113.103.0.0,,,,true,,
122.151.5.5,122.151.5.5,122.151.0.0,,,,true,,
121.142.118.211,121.142.118.211,121.142.0.0,,,,true,,
108.160.239.186,108.160.239.186,108.160.0.0,,,,true,,
122.31.0.124,122.31.0.124,122.31.0.0,,,,true,,
118.237.172.209,118.237.172.209,118.237.0.0,,,,true,,
114.158.165.191,114.158.165.191,114.158.0.0,,,,true,,
104.238.161.153,104.238.161.244,104.238.0.0,true,,,,,
109.173.84.134,109.173.84.135,109.173.0.0,,,,true,,
108.191.42.130,108.191.42.130,108.191.0.0,,,,true,,
113.107.145.221,113.107.145.221,113.107.0.0,,,,true,,
115.74.238.158,115.74.238.158,115.74.0.0,,,,true,,
108.224.180.201,108.224.180.201,108.224.0.0,,,,true,,
111.26.178.121,111.26.178.125,111.26.0.0,,,,true,,
12.197.187.202,12.197.187.202,12.197.0.0,,,,true,,
12.30.1.46,12.30.1.46,12.30.0.0,,,,true,,
122.223.71.43,122.223.71.43,122.223.0.0,,,,true,,
109.239.115.58,109.239.115.58,109.239.0.0,,,,true,,
123.140.13.186,123.140.13.186,123.140.0.0,,,,true,,
101.95.182.26,101.95.182.26,101.95.0.0,,true,,,,
119.100.3.91,119.100.3.91,119.100.0.0,,,,true,,
121.227.220.37,121.227.220.37,121.227.0.0,,,,true,,
112.115.147.31,112.115.147.31,112.115.0.0,,,,true,,
115.64.22.206,115.64.22.206,115.64.0.0,,,,true,,
104.168.59.128,104.168.59.167,104.168.0.0,true,,,,,
12.154.13.98,12.154.13.98,12.154.0.0,,,,true,,
121.126.174.61,121.126.174.61,121.126.0.0,,,,true,,
12.208.22.197,12.208.22.198,12.208.0.0,,,,true,,
119.122.112.222,119.122.112.222,119.122.0.0,,,,true,,
113.195.65.209,113.195.65.209,113.195.0.0,,,,true,,
119.206.17.251,119.206.17.251,119.206.0.0,,,,true,,
113.75.151.132,113.75.151.132,113.75.0.0,,,,true,,
119.217.142.237,119.217.142.237,119.217.0.0,,,,true,,
115.215.45.92,115.215.45.92,115.215.0.0,,,,true,,
118.89.139.251,118.89.139.251,118.89.0.0,true,,,true,,
107.204.112.12,107.204.112.12,107.204.0.0,,,,true,,
121.13.65.100,121.13.65.100,121.13.0.0,,,,true,,
103.63.231.140,103.63.231.140,103.63.0.0,,,,true,,
109.60.26.104,109.60.26.104,109.60.0.0,,,,true,,
113.142.57.44,113.142.57.44,113.142.0.0,,,,true,,
119.96.121.195,119.96.121.195,119.96.0.0,,,,true,,
114.183.114.110,114.183.114.110,114.183.0.0,,,,true,,
110.19.168.5,110.19.168.5,110.19.0.0,,,,true,,
1.84.174.13,1.84.174.13,1.84.0.0,,,,true,,
12.187.241.82,12.187.241.82,12.187.0.0,,,,true,,
111.254.208.177,111.254.208.177,111.254.0.0,,,,true,,
110.19.237.141,110.19.237.141,110.19.0.0,,,,true,,
114.46.218.181,114.46.218.181,114.46.0.0,,,,true,,
12.34.224.194,12.34.224.194,12.34.0.0,,,,true,,
114.220.24.234,114.220.24.234,114.220.0.0,,,,true,,
103.54.65.1,103.54.65.3,103.54.0.0,,,,true,,
1.117.243.134,1.117.243.154,1.117.0.0,true,,,,,
122.30.13.145,122.30.13.145,122.30.0.0,,,,true,,
109.0.143.206,109.0.143.207,109.0.0.0,,,,true,,
117.41.163.24,117.41.163.24,117.41.0.0,,,,true,,
120.209.98.67,120.209.98.67,120.209.0.0,,,,true,,
101.58.192.135,101.58.192.135,101.58.0.0,,,,true,,
112.117.101.10,112.117.101.10,112.117.0.0,,,,true,,
114.239.174.61,114.239.174.61,114.239.0.0,,,,true,,
123.10.48.93,123.10.48.93,123.10.0.0,,,,true,,
116.30.218.160,116.30.218.160,116.30.0.0,,,,true,,
123.117.161.49,123.117.161.50,123.117.0.0,,,,true,,
115.194.215.255,115.194.215.255,115.194.0.0,,,,true,,
108.52.161.162,108.52.161.162,108.52.0.0,,,,true,,
103.127.66.86,103.127.66.86,103.127.0.0,,,,true,,
119.91.214.97,119.91.214.97,119.91.0.0,true,,,true,,
116.97.183.106,116.97.183.106,116.97.0.0,,,,true,,
122.227.243.122,122.227.243.122,122.227.0.0,,,,true,,
12.201.192.66,12.201.192.66,12.201.0.0,,,,true,,
103.217.221.237,103.217.227.255,103.217.0.0,true,,,,,
120.193.70.246,120.193.70.246,120.193.0.0,,,,true,,
110.142.151.5,110.142.151.5,110.142.0.0,,,,true,,
101.83.214.201,101.83.214.201,101.83.0.0,,,,true,,
102.65.143.75,102.65.143.75,102.65.0.0,,,,true,,
108.58.8.98,108.58.8.98,108.58.0.0,,,,true,,
112.95.111.156,112.95.111.156,112.95.0.0,,,,true,,
1.13.180.90,1.13.180.90,1.13.0.0,true,,,true,,
118.121.225.169,118.121.225.169,118.121.0.0,,,,true,,
116.82.214.83,116.82.214.83,116.82.0.0,,,,true,,
114.173.31.225,114.173.31.225,114.173.0.0,,,,true,,
121.225.16.145,121.225.16.145,121.225.0.0,,,,true,,
104.238.181.166,104.238.181.222,104.238.0.0,true,,,,,
113.99.218.191,113.99.218.191,113.99.0.0,,,,true,,
12.205.205.174,12.205.205.174,12.205.0.0,,,,true,,
119.96.212.108,119.96.212.108,119.96.0.0,,,,true,,
107.191.53.148,107.191.53.148,107.191.0.0,true,,,true,,
111.237.127.206,111.237.127.209,111.237.0.0,,,,true,,
115.218.45.22,115.218.45.22,115.218.0.0,,,,true,,
116.26.40.146,116.26.40.146,116.26.0.0,,,,true,,
108.189.200.135,108.189.200.135,108.189.0.0,,,,true,,
113.13.24.94,113.13.24.94,113.13.0.0,,,,true,,
109.190.73.230,109.190.73.230,109.190.0.0,,,,true,,
103.244.147.106,103.244.147.106,103.244.0.0,,,,true,,
103.21.32.66,103.21.32.66,103.21.0.0,true,,,true,,
1.252.60.101,1.252.60.101,1.252.0.0,,,,true,,
114.239.59.113,114.239.59.113,114.239.0.0,,,,true,,
108.26.226.18,108.26.226.18,108.26.0.0,,,,true,,
106.184.149.114,106.184.149.114,106.184.0.0,,,,true,,
112.27.133.50,112.27.133.50,112.27.0.0,,,,true,,
116.232.71.222,116.232.71.222,116.232.0.0,,,,true,,
1.162.111.170,1.162.111.170,1.162.0.0,,,,true,,
121.177.171.247,121.177.171.247,121.177.0.0,,,,true,,
108.243.104.213,108.243.104.213,108.243.0.0,,,,true,,
116.230.93.2,116.230.93.2,116.230.0.0,,,,true,,
114.153.15.121,114.153.15.121,114.153.0.0,,,,true,,
113.245.224.195,113.245.224.195,113.245.0.0,,,,true,,
112.198.12.198,112.198.12.198,112.198.0.0,,,,true,,
122.237.167.232,122.237.167.232,122.237.0.0,,,,true,,
104.183.141.97,104.183.141.97,104.183.0.0,,,,true,,
119.165.183.18,119.165.183.18,119.165.0.0,,,,true,,
103.227.145.228,103.227.145.230,103.227.0.0,,,,true,,
104.28.94.197,104.28.94.235,104.28.0.0,true,,,,true,Apple Private Relay
114.233.171.192,114.233.171.207,114.233.0.0,,,,true,,
112.163.254.48,112.163.254.48,112.163.0.0,,,,true,,
117.159.161.236,117.159.161.236,117.159.0.0,,,,true,,
121.119.136.7,121.119.136.7,121.119.0.0,,,,true,,
1.102.137.103,1.102.137.103,1.102.0.0,,,,true,,
115.224.87.78,115.224.87.78,115.224.0.0,,,,true,,
114.215.107.123,114.215.107.123,114.215.0.0,,,,true,,
121.234.69.67,121.234.69.67,121.234.0.0,,,,true,,
103.9.159.42,103.9.159.47,103.9.0.0,true,,,,,
108.166.18.81,108.166.18.86,108.166.0.0,true,,,,,
122.54.149.138,122.54.149.138,122.54.0.0,,,,true,,
120.42.178.175,120.42.178.175,120.42.0.0,,,,true,,
101.180.140.39,101.180.140.39,101.180.0.0,,,,true,,
117.56.71.163,117.56.71.163,117.56.0.0,,,,true,,
108.129.36.193,108.129.36.193,108.129.0.0,true,,,true,,
111.230.241.186,111.230.243.108,111.230.0.0,true,,,,,
103.4.67.149,103.4.67.149,103.4.0.0,,,,true,,
120.88.124.26,120.88.124.26,120.88.0.0,,,,true,,
115.144.219.96,115.144.219.127,115.144.0.0,,,,true,,
116.7.54.168,116.7.54.168,116.7.0.0,,,,true,,
12.138.86.154,12.138.86.154,12.138.0.0,,,,true,,
117.35.213.242,117.35.213.242,117.35.0.0,,,,true,,
123.117.173.94,123.117.173.94,123.117.0.0,,,,true,,
101.43.202.141,101.43.202.155,101.43.0.0,true,,,,,
104.46.119.114,104.46.120.162,104.46.0.0,true,,,,,
122.192.221.245,122.192.221.245,122.192.0.0,,,,true,,
107.150.127.46,107.150.127.78,107.150.0.0,true,,,,,
103.164.191.41,103.164.191.41,103.164.0.0,,,,true,,
106.96.111.91,106.96.111.91,106.96.0.0,,,,true,,
109.159.198.146,109.159.198.150,109.159.0.0,,,,true,,
121.1.152.204,121.1.152.204,121.1.0.0,,,,true,,
115.70.21.219,115.70.21.219,115.70.0.0,,,,true,,
1.33.60.83,1.33.60.83,1.33.0.0,,,,true,,
104.219.140.235,104.219.140.235,104.219.0.0,,,,true,,
104.158.211.8,104.158.211.8,104.158.0.0,,,,true,,
122.143.112.96,122.143.112.96,122.143.0.0,,,,true,,
122.117.206.131,122.117.206.131,122.117.0.0,,,,true,,
101.58.176.77,101.58.176.77,101.58.0.0,,,,true,,
121.36.9.124,121.36.15.134,121.36.0.0,true,,,,,
116.21.24.246,116.21.24.246,116.21.0.0,,,,true,,
119.160.216.77,119.160.216.77,119.160.0.0,,,,true,,
101.32.182.106,101.32.182.145,101.32.0.0,true,,,,,
111.107.104.218,111.107.104.218,111.107.0.0,,,,true,,
103.225.16.0,103.225.19.255,103.225.0.0,true,,,,,
121.236.209.121,121.236.209.121,121.236.0.0,,,,true,,
113.88.166.124,113.88.166.124,113.88.0.0,,,,true,,
123.180.210.21,123.180.210.21,123.180.0.0,,,,true,,
114.44.151.143,114.44.151.143,114.44.0.0,,,,true,,
114.239.82.129,114.239.82.129,114.239.0.0,,,,true,,
107.21.126.89,107.21.126.97,107.21.0.0,true,,,,,
114.242.100.2,114.242.100.4,114.242.0.0,,,,true,,
117.89.244.229,117.89.244.229,117.89.0.0,,,,true,,
116.99.179.159,116.99.179.159,116.99.0.0,,,,true,,
107.189.10.64,107.189.10.142,107.189.0.0,true,,,,,
109.117.44.208,109.117.44.208,109.117.0.0,,,,true,,
104.211.117.11,104.211.117.11,104.211.0.0,true,,,true,,
12.42.101.131,12.42.101.131,12.42.0.0,,,,true,,
118.15.100.134,118.15.100.134,118.15.0.0,,,,true,,
113.89.124.184,113.89.124.184,113.89.0.0,,,,true,,
104.254.37.199,104.254.37.199,104.254.0.0,,,,true,,
122.114.195.68,122.114.195.68,122.114.0.0,,,,true,,
114.96.67.147,114.96.67.147,114.96.0.0,,,,true,,
117.33.138.245,117.33.138.245,117.33.0.0,,,,true,,
115.239.16.198,115.239.16.198,115.239.0.0,,,,true,,
114.230.3.148,114.230.3.148,114.230.0.0,,,,true,,
110.185.174.21,110.185.174.21,110.185.0.0,,,,true,,
1.172.103.186,1.172.103.186,1.172.0.0,,,,true,,
114.32.167.35,114.32.167.35,114.32.0.0,,,,true,,
102.177.109.61,102.177.109.61,102.177.0.0,,,,true,,
115.242.159.2,115.242.159.2,115.242.0.0,,,,true,,
113.81.98.232,113.81.98.232,113.81.0.0,,,,true,,
109.157.102.190,109.157.102.190,109.157.0.0,,,,true,,
115.65.235.28,115.65.235.28,115.65.0.0,,,,true,,
121.204.165.243,121.204.165.243,121.204.0.0,,,,true,,
107.150.25.192,107.150.25.223,107.150.0.0,true,,,,,
108.169.138.98,108.169.138.98,108.169.0.0,,,,true,,
118.61.226.120,118.61.226.120,118.61.0.0,,,,true,,
121.162.46.11,121.162.46.11,121.162.0.0,,,,true,,
112.22.19.30,112.22.19.30,112.22.0.0,,,,true,,
113.227.23.137,113.227.23.137,113.227.0.0,,,,true,,
117.239.50.186,117.239.50.186,117.239.0.0,,,,true,,
121.182.249.0,121.182.249.255,121.182.0.0,,,,true,,VPN Gate
108.166.30.48,108.166.30.55,108.166.0.0,true,,,,,
123.142.41.43,123.142.41.43,123.142.0.0,,,,true,,
122.118.5.233,122.118.5.233,122.118.0.0,,,,true,,
103.8.79.220,103.8.79.220,103.8.0.0,,,,true,,
117.102.179.7,117.102.179.7,117.102.0.0,,,,true,,
104.226.230.177,104.226.230.177,104.226.0.0,,,,true,,
101.56.45.84,101.56.45.87,101.56.0.0,,,,true,,
109.167.249.173,109.167.249.173,109.167.0.0,,,,true,,
109.195.150.148,109.195.150.148,109.195.0.0,,,,true,,
106.112.125.129,106.112.125.129,106.112.0.0,,,,true,,
103.251.236.120,103.251.236.255,103.251.0.0,true,,,,,
119.31.173.4,119.31.173.4,119.31.0.0,,,,true,,
109.187.113.162,109.187.113.162,109.187.0.0,,,,true,,
121.37.13.216,121.37.13.216,121.37.0.0,true,,,true,,
104.151.4.94,104.151.4.94,104.151.0.0,,,,true,,
118.185.201.67,118.185.201.67,118.185.0.0,,,,true,,
1.205.171.229,1.205.171.229,1.205.0.0,,,,true,,
109.73.129.252,109.73.129.252,109.73.0.0,,,,true,,
103.5.63.158,103.5.63.158,103.5.0.0,,,,true,,
117.34.209.120,117.34.209.127,117.34.0.0,,,,true,,
115.171.39.95,115.171.39.95,115.171.0.0,,,,true,,
118.187.50.66,118.187.50.66,118.187.0.0,,,,true,,
100.6.84.126,100.6.84.126,100.6.0.0,,,,true,,
122.230.247.60,122.230.247.60,122.230.0.0,,,,true,,
107.131.125.108,107.131.125.108,107.131.0.0,,,,true,,
110.14.191.0,110.14.191.255,110.14.0.0,,,,true,,VPN Gate
114.32.251.147,114.32.251.147,114.32.0.0,,,,true,,
104.248.162.58,104.248.162.58,104.248.0.0,true,,,true,,
115.234.232.109,115.234.232.109,115.234.0.0,,,,true,,
119.176.20.184,119.176.20.184,119.176.0.0,,,,true,,
113.118.197.0,113.118.197.0,113.118.0.0,,,,true,,
109.125.139.63,109.125.139.63,109.125.0.0,true,,,true,,
114.98.239.158,114.98.239.158,114.98.0.0,,,,true,,
103.152.215.171,103.152.215.188,103.152.0.0,true,,,,,
115.208.224.81,115.208.224.81,115.208.0.0,,,,true,,
119.91.27.172,119.91.27.172,119.91.0.0,true,,,true,,
12.215.216.162,12.215.216.162,12.215.0.0,,,,true,,
113.161.73.137,113.161.73.137,113.161.0.0,,,,true,,
119.131.93.157,119.131.93.157,119.131.0.0,,,,true,,
111.240.47.195,111.240.47.195,111.240.0.0,,,,true,,
110.93.96.57,110.93.96.57,110.93.0.0,,,,true,,
115.179.28.105,115.179.28.105,115.179.0.0,,,,true,,
109.233.110.216,109.233.110.225,109.233.0.0,true,,,,,
121.129.208.203,121.129.208.203,121.129.0.0,,,,true,,
119.8.46.52,119.8.46.52,119.8.0.0,,,,true,,
117.86.110.129,117.86.110.129,117.86.0.0,,,,true,,
1.62.185.17,1.62.185.17,1.62.0.0,,,,true,,
121.204.148.129,121.204.148.129,121.204.0.0,,,,true,,
117.95.177.101,117.95.177.101,117.95.0.0,,,,true,,
122.168.190.100,122.168.190.100,122.168.0.0,,,,true,,
109.183.84.186,109.183.84.186,109.183.0.0,,,,true,,
12.97.94.18,12.97.94.18,12.97.0.0,,,,true,,
102.129.67.74,102.129.67.78,102.129.0.0,,,,true,,
112.46.22.82,112.46.22.82,112.46.0.0,,,,true,,
109.165.107.83,109.165.107.83,109.165.0.0,,,,true,,
117.104.27.45,117.104.27.45,117.104.0.0,,,,true,,
117.31.45.230,117.31.45.230,117.31.0.0,,,,true,,
116.94.156.230,116.94.156.230,116.94.0.0,,,,true,,
114.245.147.208,114.245.147.208,114.245.0.0,,,,true,,
121.114.157.7,121.114.157.7,121.114.0.0,,,,true,,
114.7.164.26,114.7.164.26,114.7.0.0,,,,true,,
115.126.174.237,115.126.174.237,115.126.0.0,,,,true,,
108.162.51.202,108.162.51.202,108.162.0.0,,,,true,,
122.199.1.243,122.199.1.243,122.199.0.0,,,,true,,
123.176.34.148,123.176.34.148,123.176.0.0,,,,true,,
113.12.137.170,113.12.137.170,113.12.0.0,,,,true,,
100.20.77.101,100.20.77.101,100.20.0.0,true,,,true,,
122.141.205.176,122.141.205.176,122.141.0.0,,,,true,,
123.127.240.18,123.127.240.18,123.127.0.0,,,,true,,
105.157.244.243,105.157.244.243,105.157.0.0,,,,true,,
111.175.129.230,111.175.129.230,111.175.0.0,,,,true,,
109.233.200.111,109.233.200.111,109.233.0.0,,,,true,,
12.249.103.90,12.249.103.90,12.249.0.0,,,,true,,
101.43.170.216,101.43.171.214,101.43.0.0,true,,,,,
107.186.32.0,107.186.34.255,107.186.0.0,true,,,,,
116.208.93.165,116.208.93.166,116.208.0.0,,,,true,,
117.40.186.225,117.40.186.225,117.40.0.0,,,,true,,
116.227.219.64,116.227.219.67,116.227.0.0,,,,true,,
108.6.253.125,108.6.253.125,108.6.0.0,,,,true,,
109.196.50.109,109.196.50.110,109.196.0.0,,,,true,,
110.253.150.130,110.253.150.130,110.253.0.0,,,,true,,
120.196.61.212,120.196.61.212,120.196.0.0,,,,true,,
103.169.141.230,103.169.141.230,103.169.0.0,,,,true,,
109.173.75.251,109.173.75.252,109.173.0.0,,,,true,,
120.224.99.155,120.224.99.155,120.224.0.0,,,,true,,
1.160.94.253,1.160.94.253,1.160.0.0,,,,true,,
12.191.22.210,12.191.22.210,12.191.0.0,,,,true,,
104.205.195.44,104.205.195.44,104.205.0.0,,,,true,,
109.168.70.4,109.168.70.7,109.168.0.0,true,,,true,,
118.166.81.45,118.166.81.45,118.166.0.0,,,,true,,
109.72.27.178,109.72.27.178,109.72.0.0,,,,true,,
122.214.1.122,122.214.1.122,122.214.0.0,,,,true,,
109.168.57.75,109.168.57.75,109.168.0.0,true,,,,,
113.255.135.143,113.255.135.143,113.255.0.0,,,,true,,
121.62.200.32,121.62.200.47,121.62.0.0,,,,true,,
12.0.145.50,12.0.145.50,12.0.0.0,,,,true,,
12.150.246.236,12.150.246.236,12.150.0.0,,,,true,,
109.176.185.34,109.176.185.37,109.176.0.0,,,,true,,
107.211.153.237,107.211.153.237,107.211.0.0,,,,true,,
109.165.221.154,109.165.221.154,109.165.0.0,,,,true,,
108.14.235.111,108.14.235.111,108.14.0.0,,,,true,,
114.175.31.190,114.175.31.190,114.175.0.0,,,,true,,
107.132.96.235,107.132.96.235,107.132.0.0,,,,true,,
12.19.207.170,12.19.207.170,12.19.0.0,,,,true,,
12.144.192.78,12.144.192.78,12.144.0.0,,,,true,,
120.34.199.81,120.34.199.81,120.34.0.0,,,,true,,
106.32.8.24,106.32.8.24,106.32.0.0,,,,true,,
110.8.64.100,110.8.64.100,110.8.0.0,,,,true,,
108.136.232.150,108.136.236.123,108.136.0.0,true,,,,,
116.17.142.237,116.17.142.237,116.17.0.0,,,,true,,
12.186.104.218,12.186.104.218,12.186.0.0,,,,true,,
120.51.4.125,120.51.4.125,120.51.0.0,,,,true,,
118.237.253.192,118.237.253.192,118.237.0.0,,,,true,,
115.205.145.43,115.205.145.43,115.205.0.0,,,,true,,
108.189.48.129,108.189.48.129,108.189.0.0,,,,true,,
114.156.95.17,114.156.95.17,114.156.0.0,,,,true,,
111.249.139.188,111.249.139.188,111.249.0.0,,,,true,,
104.28.52.10,104.28.52.11,104.28.0.0,true,,,,true,Apple Private Relay
12.246.17.150,12.246.17.150,12.246.0.0,,,,true,,
108.179.58.138,108.179.58.138,108.179.0.0,,,,true,,
113.88.84.38,113.88.84.38,113.88.0.0,,,,true,,
1.56.79.253,1.56.79.254,1.56.0.0,,,,true,,
120.51.25.176,120.51.25.176,120.51.0.0,,,,true,,
103.103.137.42,103.103.137.42,103.103.0.0,,,,true,,
106.13.24.169,106.13.24.169,106.13.0.0,true,,,true,,
109.172.27.174,109.172.27.174,109.172.0.0,,,,true,,
104.156.250.249,104.156.251.66,104.156.0.0,true,,,,,
115.205.103.90,115.205.103.90,115.205.0.0,,,,true,,
110.66.8.54,110.66.8.54,110.66.0.0,,,,true,,
115.205.247.86,115.205.247.86,115.205.0.0,,,,true,,
115.235.46.0,115.235.46.0,115.235.0.0,,,,true,,
101.58.27.76,101.58.27.76,101.58.0.0,,,,true,,
123.112.223.39,123.112.223.39,123.112.0.0,,,,true,,
116.212.234.252,116.212.234.252,116.212.0.0,,,,true,,
115.213.63.242,115.213.63.242,115.213.0.0,,,,true,,
119.165.63.249,119.165.63.249,119.165.0.0,,,,true,,
116.111.110.188,116.111.110.188,116.111.0.0,,,,true,,
109.247.152.190,109.247.152.190,109.247.0.0,,,,true,,
114.219.62.50,114.219.62.50,114.219.0.0,,,,true,,
109.201.163.180,109.201.163.180,109.201.0.0,,,,true,,
110.143.40.104,110.143.40.104,110.143.0.0,,,,true,,
115.63.11.184,115.63.11.184,115.63.0.0,,,,true,,
106.111.72.64,106.111.72.64,106.111.0.0,,,,true,,
121.2.66.192,121.2.66.192,121.2.0.0,,,,true,,
115.195.244.219,115.195.244.219,115.195.0.0,,,,true,,
108.162.32.38,108.162.32.38,108.162.0.0,,,,true,,
109.235.186.162,109.235.186.162,109.235.0.0,,,,true,,
114.160.202.72,114.160.202.72,114.160.0.0,,,,true,,
115.198.247.179,115.198.247.179,115.198.0.0,,,,true,,
119.140.58.190,119.140.58.190,119.140.0.0,,,,true,,
108.170.85.107,108.170.85.107,108.170.0.0,,,,true,,
118.254.141.90,118.254.141.90,118.254.0.0,,,,true,,
121.4.192.110,121.4.192.158,121.4.0.0,true,,,,,
109.161.11.15,109.161.11.15,109.161.0.0,,,,true,,
113.36.79.178,113.36.79.178,113.36.0.0,,,,true,,
118.21.153.120,118.21.153.120,118.21.0.0,,,,true,,
119.191.24.101,119.191.24.101,119.191.0.0,,,,true,,
120.38.232.125,120.38.232.125,120.38.0.0,,,,true,,
109.73.88.248,109.73.88.255,109.73.0.0,,,,true,,
115.75.112.68,115.75.112.68,115.75.0.0,,,,true,,
121.126.39.216,121.126.39.231,121.126.0.0,,,,true,,
116.254.124.6,116.254.124.6,116.254.0.0,,,,true,,
117.42.248.108,117.42.248.108,117.42.0.0,,,,true,,
121.238.5.16,121.238.5.16,121.238.0.0,,,,true,,
117.80.241.235,117.80.241.235,117.80.0.0,,,,true,,
12.201.109.6,12.201.109.6,12.201.0.0,,,,true,,
12.182.13.18,12.182.13.18,12.182.0.0,,,,true,,
120.224.100.188,120.224.100.190,120.224.0.0,,,,true,,
103.55.48.206,103.55.48.206,103.55.0.0,,,,true,,
110.184.166.187,110.184.166.187,110.184.0.0,,,,true,,
12.9.138.186,12.9.138.187,12.9.0.0,,,,true,,
119.3.82.25,119.3.84.142,119.3.0.0,true,,,,,
104.231.44.164,104.231.44.164,104.231.0.0,,,,true,,
103.153.149.83,103.153.149.83,103.153.0.0,,,,true,,
109.228.184.49,109.228.184.50,109.228.0.0,,,,true,,
113.141.180.87,113.141.180.87,113.141.0.0,,,,true,,
103.19.156.0,103.19.159.255,103.19.0.0,true,,,,,
109.81.131.116,109.81.131.117,109.81.0.0,,,,true,,
121.205.56.212,121.205.56.212,121.205.0.0,,,,true,,
119.28.63.199,119.28.63.230,119.28.0.0,true,,,,,
106.120.14.122,106.120.14.122,106.120.0.0,,,,true,,
104.151.172.7,104.151.172.12,104.151.0.0,true,,,,,
107.10.23.34,107.10.23.34,107.10.0.0,,,,true,,
116.67.131.119,116.67.131.119,116.67.0.0,,,,true,,
121.30.43.104,121.30.43.104,121.30.0.0,,,,true,,
109.95.27.115,109.95.27.115,109.95.0.0,,,,true,,
115.84.78.139,115.84.78.139,115.84.0.0,,,,true,,
111.121.218.167,111.121.218.167,111.121.0.0,,,,true,,
106.6.30.42,106.6.30.42,106.6.0.0,,,,true,,
115.79.196.193,115.79.196.193,115.79.0.0,,,,true,,
104.34.246.213,104.34.246.213,104.34.0.0,,,,true,,
122.243.166.246,122.243.166.246,122.243.0.0,,,,true,,
103.231.232.10,103.231.232.10,103.231.0.0,,,,true,,
116.228.116.22,116.228.116.22,116.228.0.0,,,,true,,
103.249.99.53,103.249.99.53,103.249.0.0,true,,,true,,
117.34.102.230,117.34.102.231,117.34.0.0,,,,true,,
115.10.166.200,115.10.166.200,115.10.0.0,,,,true,,
104.131.47.100,104.131.47.205,104.131.0.0,true,,,,,
112.5.22.173,112.5.22.173,112.5.0.0,,,,true,,
114.156.93.145,114.156.93.145,114.156.0.0,,,,true,,
111.75.11.8,111.75.11.8,111.75.0.0,,,,true,,
108.172.105.58,108.172.105.58,108.172.0.0,,,,true,,
104.232.92.27,104.232.92.27,104.232.0.0,,,,true,,
118.34.142.0,118.34.142.255,118.34.0.0,,,,true,,VPN Gate
113.88.250.6,113.88.250.6,113.88.0.0,,,,true,,
104.128.67.69,104.128.67.69,104.128.0.0,true,,,true,,
108.162.46.118,108.162.46.118,108.162.0.0,,,,true,,
109.73.121.1,109.73.121.1,109.73.0.0,,,,true,,
118.243.167.42,118.243.167.42,118.243.0.0,,,,true,,
123.14.229.150,123.14.229.150,123.14.0.0,,,,true,,
121.232.66.30,121.232.66.30,121.232.0.0,,,,true,,
111.194.237.214,111.194.237.214,111.194.0.0,,,,true,,
114.103.149.19,114.103.149.19,114.103.0.0,,,,true,,
119.240.189.164,119.240.189.164,119.240.0.0,,,,true,,
103.215.207.54,103.215.207.54,103.215.0.0,,true,,,,
122.237.191.69,122.237.191.69,122.237.0.0,,,,true,,
123.103.211.214,123.103.211.215,123.103.0.0,,,,true,,
102.66.194.140,102.66.194.140,102.66.0.0,,,,true,,
117.92.19.192,117.92.19.192,117.92.0.0,,,,true,,
114.229.211.25,114.229.211.25,114.229.0.0,,,,true,,
116.20.22.216,116.20.22.216,116.20.0.0,,,,true,,
113.103.58.233,113.103.58.233,113.103.0.0,,,,true,,
117.87.237.180,117.87.237.180,117.87.0.0,,,,true,,
118.175.228.140,118.175.228.140,118.175.0.0,,,,true,,
110.80.172.210,110.80.172.210,110.80.0.0,,,,true,,
115.241.30.48,115.241.30.63,115.241.0.0,,,,true,,
12.31.46.98,12.31.46.98,12.31.0.0,,,,true,,
103.170.169.28,103.170.169.28,103.170.0.0,,,,true,,
122.243.162.195,122.243.162.195,122.243.0.0,,,,true,,
106.13.48.229,106.13.49.109,106.13.0.0,true,,,,,
117.81.184.44,117.81.184.44,117.81.0.0,,,,true,,
106.252.0.179,106.252.0.179,106.252.0.0,,,,true,,
103.44.24.105,103.44.24.105,103.44.0.0,,,,true,,
114.34.83.187,114.34.83.188,114.34.0.0,,,,true,,
113.241.138.196,113.241.138.196,113.241.0.0,,,,true,,
104.28.131.24,104.28.131.42,104.28.0.0,true,,,,true,Apple Private Relay
109.117.11.162,109.117.11.162,109.117.0.0,,,,true,,
12.167.241.26,12.167.241.26,12.167.0.0,,,,true,,
103.139.202.188,103.139.202.188,103.139.0.0,,,,true,,
119.205.236.138,119.205.236.138,119.205.0.0,,,,true,,
121.160.43.10,121.160.43.20,121.160.0.0,,,,true,,
12.229.26.146,12.229.26.146,12.229.0.0,,,,true,,
101.32.127.228,101.32.127.228,101.32.0.0,true,,,,,
121.227.30.116,121.227.30.116,121.227.0.0,,,,true,,
118.182.119.58,118.182.119.58,118.182.0.0,,,,true,,
12.108.138.98,12.108.138.98,12.108.0.0,,,,true,,
109.173.59.35,109.173.59.35,109.173.0.0,,,,true,,
114.230.23.223,114.230.23.223,114.230.0.0,,,,true,,
123.205.140.188,123.205.140.188,123.205.0.0,,,,true,,
106.60.23.13,106.60.23.13,106.60.0.0,,,,true,,
104.151.15.28,104.151.15.28,104.151.0.0,,,,true,,
121.45.176.9,121.45.176.9,121.45.0.0,,,,true,,
111.12.80.61,111.12.80.61,111.12.0.0,,,,true,,
112.116.192.137,112.116.192.138,112.116.0.0,,,,true,,
121.236.251.90,121.236.251.90,121.236.0.0,,,,true,,
104.129.188.234,104.129.188.234,104.129.0.0,,,,true,,
1.53.203.64,1.53.203.64,1.53.0.0,,,,true,,
104.185.22.172,104.185.22.172,104.185.0.0,,,,true,,
109.81.187.130,109.81.187.130,109.81.0.0,,,,true,,
114.42.105.6,114.42.105.6,114.42.0.0,,,,true,,
103.113.8.0,103.113.8.14,103.113.0.0,true,,,,,
109.250.190.116,109.250.190.116,109.250.0.0,,,,true,,
114.134.4.154,114.134.4.154,114.134.0.0,,,,true,,
109.70.233.1,109.70.233.1,109.70.0.0,,,,true,,
110.93.224.9,110.93.224.9,110.93.0.0,,,,true,,
123.162.15.69,123.162.15.69,123.162.0.0,,,,true,,
114.130.4.52,114.130.4.255,114.130.0.0,true,,,,,
110.16.183.223,110.16.183.223,110.16.0.0,,,,true,,
122.225.254.170,122.225.254.170,122.225.0.0,,,,true,,
121.121.41.11,121.121.41.11,121.121.0.0,,,,true,,
111.227.69.188,111.227.69.188,111.227.0.0,,,,true,,
109.190.95.103,109.190.95.103,109.190.0.0,,,,true,,
111.207.39.149,111.207.39.149,111.207.0.0,,,,true,,
103.30.167.230,103.30.167.230,103.30.0.0,,,,true,,
111.253.213.30,111.253.213.30,111.253.0.0,,,,true,,
104.227.253.192,104.227.253.255,104.227.0.0,true,,,,,
119.48.182.73,119.48.182.73,119.48.0.0,,,,true,,
117.81.133.248,117.81.133.248,117.81.0.0,,,,true,,
118.99.66.149,118.99.66.150,118.99.0.0,,,,true,,
122.225.14.102,122.225.14.102,122.225.0.0,,,,true,,
113.12.137.39,113.12.137.39,113.12.0.0,,,,true,,
113.252.255.191,113.252.255.191,113.252.0.0,,,,true,,
102.219.101.19,102.219.101.19,102.219.0.0,,,,true,,
114.168.247.12,114.168.247.12,114.168.0.0,,,,true,,
12.245.8.26,12.245.8.26,12.245.0.0,,,,true,,
112.170.219.210,112.170.219.210,112.170.0.0,,,,true,,
12.205.150.58,12.205.150.58,12.205.0.0,,,,true,,
111.233.99.7,111.233.99.7,111.233.0.0,,,,true,,
118.122.148.208,118.122.148.208,118.122.0.0,,,,true,,
109.165.69.8,109.165.69.8,109.165.0.0,,,,true,,
122.240.222.84,122.240.222.84,122.240.0.0,,,,true,,
108.188.51.157,108.188.51.157,108.188.0.0,,,,true,,
108.170.17.130,108.170.17.130,108.170.0.0,true,,,true,,
121.236.250.77,121.236.250.77,121.236.0.0,,,,true,,
123.143.222.107,123.143.222.107,123.143.0.0,,,,true,,
113.99.250.196,113.99.250.196,113.99.0.0,,,,true,,
109.145.164.133,109.145.164.133,109.145.0.0,,,,true,,
110.42.220.183,110.42.222.111,110.42.0.0,true,,,,,
117.247.87.150,117.247.87.150,117.247.0.0,,,,true,,
119.75.200.115,119.75.200.115,119.75.0.0,,,,true,,
109.92.191.50,109.92.191.50,109.92.0.0,,,,true,,
117.85.158.252,117.85.158.252,117.85.0.0,,,,true,,
