start_ip,end_ip,join_key,size,domain
103.109.106.139,103.109.106.139,103.109.0.0,1,ucqkn.cn
113.20.31.68,113.20.31.68,113.20.0.0,1,siprama.com
103.168.18.210,103.168.18.210,103.168.0.0,1,iqrasystem.com
109.168.159.226,109.168.159.227,109.168.0.0,2,stavropol.ru
109.190.141.63,109.190.141.63,109.190.0.0,1,transacom.fr
103.115.12.144,103.115.12.144,103.115.0.0,1,dfdesign.com.au
109.190.227.58,109.190.227.83,109.190.0.0,26,ovh.fr
113.252.61.92,113.252.61.92,113.252.0.0,1,92-61-252-113-on-nets.com
110.34.166.80,110.34.166.84,110.34.0.0,5,krypt.com
103.161.133.177,103.161.133.177,103.161.0.0,1,florajet.com
104.206.82.244,104.206.82.245,104.206.0.0,2,goldenterm.net
103.140.132.4,103.140.132.4,103.140.0.0,1,metrolink.com.np
107.190.142.156,107.190.142.156,107.190.0.0,1,transtio.live
113.11.72.96,113.11.72.96,113.11.0.0,1,113-11-72-96-smile.com.bd
108.166.153.250,108.166.153.250,108.166.0.0,1,bsscompany.com
113.252.181.140,113.252.181.140,113.252.0.0,1,140-181-252-113-on-nets.com
103.16.15.4,103.16.15.8,103.16.0.0,5,spim.co
111.89.254.158,111.89.254.158,111.89.0.0,1,nttpc.ne.jp
104.227.85.147,104.227.85.254,104.227.0.0,108,patureachese.com
104.140.188.211,104.140.188.211,104.140.0.0,1,spinecool.space
109.74.242.103,109.74.242.103,109.74.0.0,1,tribeca-it.com
104.237.128.14,104.237.128.14,104.237.0.0,1,coltarus.net
111.118.160.134,111.118.160.134,111.118.0.0,1,crucialx.net
101.0.77.220,101.0.77.221,101.0.0.0,2,hootsuitee.org
101.187.13.134,101.187.13.135,101.187.0.0,2,telstra.net
1.39.244.1,1.39.244.254,1.39.0.0,254,vodafone.in
1.33.177.14,1.33.177.14,1.33.0.0,1,mtmjp.com
108.178.58.144,108.178.58.144,108.178.0.0,1,petronova.com
113.252.243.147,113.252.243.147,113.252.0.0,1,147-243-252-113-on-nets.com
104.238.136.14,104.238.136.33,104.238.0.0,20,vultrusercontent.com
111.90.142.100,111.90.142.100,111.90.0.0,1,kamon.la
1.33.179.54,1.33.179.54,1.33.0.0,1,suzuki-seikou.com
104.207.235.234,104.207.235.248,104.207.0.0,15,nexcess.net
110.164.124.1,110.164.124.254,110.164.0.0,254,3bb.co.th
109.0.85.167,109.0.85.173,109.0.0.0,7,sfr.net
109.61.3.94,109.61.3.94,109.61.0.0,1,jogseged.hu
103.150.61.75,103.150.61.75,103.150.0.0,1,103.in-addr.arpa
106.75.55.195,106.75.55.195,106.75.0.0,1,theworkingmail.life
113.252.219.164,113.252.219.164,113.252.0.0,1,164-219-252-113-on-nets.com
107.222.166.137,107.222.166.137,107.222.0.0,1,chei.net
109.226.79.1,109.226.79.255,109.226.0.0,255,100megabit.ru
104.37.68.240,104.37.68.240,104.37.0.0,1,104-37-68-240-4siwi.net
109.169.51.146,109.169.51.146,109.169.0.0,1,dns4vps.com
108.61.12.144,108.61.12.151,108.61.0.0,8,constant.com
108.2.173.1,108.2.173.1,108.2.0.0,1,verizon-gni.net
104.132.176.64,104.132.176.111,104.132.0.0,48,google.com
103.26.101.16,103.26.101.16,103.26.0.0,1,lintas.me
104.216.1.58,104.216.1.62,104.216.0.0,5,germinated.net
109.232.194.159,109.232.194.159,109.232.0.0,1,eden-park.fr
104.200.26.14,104.200.26.15,104.200.0.0,2,linode.com
113.11.95.107,113.11.95.107,113.11.0.0,1,113-11-95-107-smile.com.bd
109.235.147.178,109.235.147.178,109.235.0.0,1,icloudhosting.com
109.68.230.18,109.68.230.20,109.68.0.0,3,syseleven.de
103.244.204.146,103.244.204.146,103.244.0.0,1,wds.co.id
104.193.74.20,104.193.74.20,104.193.0.0,1,databank.host
104.131.61.85,104.131.61.85,104.131.0.0,1,unbelievablesupercool.com
108.14.64.1,108.14.64.1,108.14.0.0,1,verizon-gni.net
108.166.104.82,108.166.104.82,108.166.0.0,1,cloud-ips.com
104.219.131.140,104.219.131.141,104.219.0.0,2,coool.ca
109.128.69.97,109.128.69.102,109.128.0.0,6,belgacom.be
109.74.198.78,109.74.198.78,109.74.0.0,1,linode.com
100.43.92.126,100.43.92.126,100.43.0.0,1,yndx.net
109.199.108.8,109.199.108.8,109.199.0.0,1,siteground.com
109.190.207.87,109.190.207.87,109.190.0.0,1,transacom.fr
109.234.71.33,109.234.71.33,109.234.0.0,1,kyroslbs.com
113.252.91.171,113.252.91.171,113.252.0.0,1,171-91-252-113-on-nets.com
109.197.144.249,109.197.144.249,109.197.0.0,1,chukotka.org
110.145.198.221,110.145.198.222,110.145.0.0,2,telstra.net
103.69.28.215,103.69.28.215,103.69.0.0,1,103-215.in-addr.arpa
107.158.6.71,107.158.6.71,107.158.0.0,1,innervaleriaswar.com
108.41.80.12,108.41.80.254,108.41.0.0,243,verizon.net
101.0.105.10,101.0.105.12,101.0.0.0,3,smartservers.com.au
103.234.84.198,103.234.84.198,103.234.0.0,1,income.com.sg
107.6.166.40,107.6.166.47,107.6.0.0,8,singlehop.net
104.207.244.205,104.207.244.205,104.207.0.0,1,alaskagear.biz
113.252.72.250,113.252.72.250,113.252.0.0,1,250-72-252-113-on-nets.com
103.211.212.2,103.211.212.2,103.211.0.0,1,hoabinh.gov.vn
104.131.13.85,104.131.13.85,104.131.0.0,1,ondigitalocean.com
102.141.184.77,102.141.184.77,102.141.0.0,1,102-141-184-77.in-addr.arpa
113.252.116.52,113.252.116.52,113.252.0.0,1,52-116-252-113-on-nets.com
108.47.9.111,108.47.9.175,108.47.0.0,65,frontiernet.net
104.238.158.242,104.238.158.242,104.238.0.0,1,k1k2.com
103.73.190.111,103.73.190.113,103.73.0.0,3,rackbank.com
101.187.180.147,101.187.180.150,101.187.0.0,4,telstra.net
113.159.49.1,113.159.60.255,113.159.0.0,3071,dion.ne.jp
106.143.237.0,106.143.237.255,106.143.0.0,256,au-net.ne.jp
108.83.36.114,108.83.36.114,108.83.0.0,1,duckforward.com
113.252.43.158,113.252.43.158,113.252.0.0,1,158-43-252-113-on-nets.com
109.168.88.195,109.168.88.221,109.168.0.0,27,kpnqwest.it
109.195.230.242,109.195.230.242,109.195.0.0,1,mkc-red.ru
103.57.211.253,103.57.211.253,103.57.0.0,1,email-nhanhoa.net
108.166.179.73,108.166.179.78,108.166.0.0,6,vidyamantra.com
103.151.31.11,103.151.31.11,103.151.0.0,1,103-151-31-11-brightstarnetwork.net.bd
113.252.215.64,113.252.215.64,113.252.0.0,1,64-215-252-113-on-nets.com
104.219.107.195,104.219.107.195,104.219.0.0,1,f5networks.net
103.116.202.1,103.116.202.254,103.116.0.0,254,hsp.net
113.252.56.37,113.252.56.37,113.252.0.0,1,37-56-252-113-on-nets.com
100.34.21.1,100.34.21.1,100.34.0.0,1,verizon-gni.net
103.250.168.40,103.250.168.40,103.250.0.0,1,streamanalytix.com
109.199.107.172,109.199.107.173,109.199.0.0,2,sgvps.net
100.36.241.1,100.36.241.1,100.36.0.0,1,verizon-gni.net
107.152.135.44,107.152.135.44,107.152.0.0,1,expressprg.com
103.31.98.92,103.31.98.92,103.31.0.0,1,onenetwork.io
101.1.153.1,101.1.153.254,101.1.0.0,254,pikara.ne.jp
103.122.164.151,103.122.164.151,103.122.0.0,1,realtiter.info
103.16.182.242,103.16.182.243,103.16.0.0,2,unisza.edu.my
111.119.24.29,111.119.24.30,111.119.0.0,2,llnw.net
104.232.91.96,104.232.91.96,104.232.0.0,1,104-232-91-96.in-addr.arpa
110.55.232.230,110.55.232.255,110.55.0.0,26,bti.net.ph
109.206.211.25,109.206.211.25,109.206.0.0,1,skynet.net.pl
104.36.14.209,104.36.14.209,104.36.0.0,1,forsythshirt.com
104.151.225.0,104.151.227.255,104.151.0.0,768,scalabledns.com
108.170.32.23,108.170.32.25,108.170.0.0,3,phoenixvps.com
103.41.62.211,103.41.62.242,103.41.0.0,32,open.ad.jp
109.0.118.237,109.0.118.237,109.0.0.0,1,gaoland.net
102.141.168.237,102.141.168.237,102.141.0.0,1,102-141-168-237.in-addr.arpa
109.132.202.39,109.132.202.40,109.132.0.0,2,belgacom.be
108.248.95.18,108.248.95.56,108.248.0.0,39,sbcglobal.net
103.251.94.111,103.251.94.111,103.251.0.0,1,ncrdns.net
109.75.210.50,109.75.210.50,109.75.0.0,1,bogm.de
109.130.55.247,109.130.55.247,109.130.0.0,1,belgacom.be
103.46.230.3,103.46.230.3,103.46.0.0,1,edgeix.net.au
103.98.74.92,103.98.74.92,103.98.0.0,1,hostinginside.com
107.172.131.136,107.172.131.145,107.172.0.0,10,colocrossing.com
113.161.157.219,113.161.159.255,113.161.0.0,549,vnpt.vn
108.61.57.136,108.61.57.137,108.61.0.0,2,choopa.net
104.219.168.1,104.219.168.1,104.219.0.0,1,peaktera.net
113.11.111.93,113.11.111.93,113.11.0.0,1,113-11-111-93-smile.com.bd
108.167.149.166,108.167.149.166,108.167.0.0,1,m3software.com.br
109.121.240.17,109.121.240.19,109.121.0.0,3,bulsat.com
103.10.34.240,103.10.34.240,103.10.0.0,1,240-thecavalry.com.au
103.93.17.109,103.93.17.109,103.93.0.0,1,
111.168.23.51,111.168.23.51,111.168.0.0,1,mesh.ad.jp
109.74.193.191,109.74.193.191,109.74.0.0,1,linodeusercontent.com
113.252.25.172,113.252.25.172,113.252.0.0,1,172-25-252-113-on-nets.com
109.160.70.149,109.160.70.149,109.160.0.0,1,ip-70-149-fibernet.bg
109.228.4.84,109.228.4.85,109.228.0.0,2,software-improve.com
103.176.87.231,103.176.87.231,103.176.0.0,1,87-231-goldcable.net
108.255.208.87,108.255.208.98,108.255.0.0,12,sbcglobal.net
110.145.139.77,110.145.139.78,110.145.0.0,2,telstra.net
110.142.152.246,110.142.152.246,110.142.0.0,1,telstra.net
104.160.67.140,104.160.67.175,104.160.0.0,36,getresponse-mail.com
103.18.81.22,103.18.81.22,103.18.0.0,1,22-megaspeednet.com
109.236.110.33,109.236.110.33,109.236.0.0,1,fgup-etb.ru
109.188.128.136,109.188.128.139,109.188.0.0,4,yota.ru
110.143.126.98,110.143.126.98,110.143.0.0,1,telstra.net
102.141.166.144,102.141.166.144,102.141.0.0,1,102-141-166-144.in-addr.arpa
103.253.92.120,103.253.92.121,103.253.0.0,2,summithosting.com.au
104.140.142.115,104.140.142.115,104.140.0.0,1,afterlights.net
113.252.3.10,113.252.3.10,113.252.0.0,1,10-3-252-113-on-nets.com
108.61.142.35,108.61.142.42,108.61.0.0,8,vultrusercontent.com
113.252.192.155,113.252.192.155,113.252.0.0,1,155-192-252-113-on-nets.com
104.248.49.207,104.248.49.207,104.248.0.0,1,cloudwaysapps.com
104.238.151.217,104.238.151.234,104.238.0.0,18,vultrusercontent.com
109.190.0.211,109.190.0.211,109.190.0.0,1,transacom.fr
102.141.189.119,102.141.189.119,102.141.0.0,1,102-141-189-119.in-addr.arpa
107.161.169.155,107.161.169.155,107.161.0.0,1,bnfi.co
113.252.250.71,113.252.250.71,113.252.0.0,1,71-250-252-113-on-nets.com
103.224.182.54,103.224.182.54,103.224.0.0,1,drop.com.au
113.252.96.226,113.252.96.226,113.252.0.0,1,226-96-252-113-on-nets.com
111.118.190.146,111.118.190.148,111.118.0.0,3,terapeer.com
107.9.92.141,107.9.92.141,107.9.0.0,1,charter.com
104.140.60.95,104.140.60.95,104.140.0.0,1,fascinatingdepreciation.com
108.167.152.68,108.167.152.69,108.167.0.0,2,grupoghanem.com.br
113.196.121.114,113.196.121.114,113.196.0.0,1,greattree.com.tw
104.236.19.108,104.236.19.108,104.236.0.0,1,townofbannerelk.org
107.149.55.4,107.149.55.4,107.149.0.0,1,lbeacherreport.com
109.195.6.195,109.195.6.195,109.195.0.0,1,mo-lstu.ru
101.53.179.97,101.53.179.103,101.53.0.0,7,siteforce.com
108.166.171.211,108.166.171.211,108.166.0.0,1,unifocussurvey.com
113.252.147.59,113.252.147.59,113.252.0.0,1,59-147-252-113-on-nets.com
103.47.54.14,103.47.54.14,103.47.0.0,1,newszletter.in
109.70.46.2,109.70.46.2,109.70.0.0,1,homestrategichosting.com
109.199.122.218,109.199.122.219,109.199.0.0,2,siteground.com
110.142.239.158,110.142.239.159,110.142.0.0,2,telstra.net
104.206.232.100,104.206.232.137,104.206.0.0,38,onlinelift.org.uk
108.167.132.215,108.167.132.217,108.167.0.0,3,hostgator.com.br
108.174.197.11,108.174.197.12,108.174.0.0,2,hostwindsdns.com
110.143.5.104,110.143.5.104,110.143.0.0,1,telstra.net
109.86.236.23,109.86.239.118,109.86.0.0,864,triolan.net
107.170.208.70,107.170.208.70,107.170.0.0,1,uncertain.win
100.41.21.102,100.41.21.105,100.41.0.0,4,verizon-gni.net
106.75.178.130,106.75.178.130,106.75.0.0,1,vumfonh.cn
113.11.104.210,113.11.104.210,113.11.0.0,1,113-11-104-210-smile.com.bd
113.252.100.82,113.252.100.82,113.252.0.0,1,82-100-252-113-on-nets.com
110.232.114.214,110.232.114.214,110.232.0.0,1,satacrop.com.au
103.230.159.54,103.230.159.54,103.230.0.0,1,projectisago.net
109.123.218.124,109.123.218.125,109.123.0.0,2,aira.cz
108.61.206.9,108.61.206.17,108.61.0.0,9,vultrusercontent.com
103.72.79.127,103.72.79.127,103.72.0.0,1,anykeyinformatica.com
113.252.31.208,113.252.31.208,113.252.0.0,1,208-31-252-113-on-nets.com
113.11.10.42,113.11.10.42,113.11.0.0,1,113-11-10-42-smile.com.bd
104.200.67.171,104.200.67.171,104.200.0.0,1,bussinessidea.live
103.51.64.122,103.51.64.122,103.51.0.0,1,rd.go.th
104.206.168.4,104.206.168.4,104.206.0.0,1,floodagencement.com
1.21.95.1,1.21.95.254,1.21.0.0,254,vectant.ne.jp
111.119.228.84,111.119.228.84,111.119.0.0,1,scorecard.net.in
113.252.227.29,113.252.227.29,113.252.0.0,1,29-227-252-113-on-nets.com
102.132.99.63,102.132.99.63,102.132.0.0,1,fbcdn.net
103.53.172.78,103.53.172.83,103.53.0.0,6,hostcentral.net
108.166.81.72,108.166.81.74,108.166.0.0,3,cloud-ips.com
113.252.23.123,113.252.23.123,113.252.0.0,1,123-23-252-113-on-nets.com
103.116.16.35,103.116.16.37,103.116.0.0,3,unisonplatform.com
111.185.134.11,111.185.134.11,111.185.0.0,1,totalbb.net.tw
102.129.225.3,102.129.225.30,102.129.0.0,28,salineguide.com
112.140.184.246,112.140.184.246,112.140.0.0,1,synerge.net
104.237.143.77,104.237.143.77,104.237.0.0,1,linodeusercontent.com
111.185.155.120,111.185.155.120,111.185.0.0,1,totalbb.net.tw
103.242.139.20,103.242.139.20,103.242.0.0,1,bluwifi.in
113.253.113.147,113.253.113.147,113.253.0.0,1,147-113-253-113-on-nets.com
103.49.17.222,103.49.17.222,103.49.0.0,1,zoomgdn.net
108.255.240.100,108.255.240.102,108.255.0.0,3,sbcglobal.net
103.23.153.211,103.23.153.211,103.23.0.0,1,ozhosting.com
109.74.200.244,109.74.200.248,109.74.0.0,5,linodeusercontent.com
108.179.248.27,108.179.248.27,108.179.0.0,1,ndnlanguage.com
109.95.210.10,109.95.210.11,109.95.0.0,2,colocat.ru
111.64.178.6,111.64.186.255,111.64.0.0,2298,ocn.ne.jp
109.104.86.142,109.104.86.146,109.104.0.0,5,turbodns.co.uk
109.123.220.57,109.123.220.58,109.123.0.0,2,tvujweb.net
103.6.244.83,103.6.244.83,103.6.0.0,1,plesk.page
108.178.20.8,108.178.20.15,108.178.0.0,8,singlehop.net
103.54.150.96,103.54.150.96,103.54.0.0,1,96-megaspeednet.com
109.0.117.166,109.0.117.166,109.0.0.0,1,gaoland.net
109.74.245.144,109.74.245.147,109.74.0.0,4,gocreations.co.uk
102.141.177.92,102.141.177.92,102.141.0.0,1,102-141-177-92.in-addr.arpa
104.223.58.71,104.223.58.87,104.223.0.0,17,micerowiki.com
103.87.208.1,103.87.208.1,103.87.0.0,1,as136431.network
104.152.186.158,104.152.186.158,104.152.0.0,1,dignitylab.net
104.248.165.97,104.248.165.97,104.248.0.0,1,
103.96.251.88,103.96.251.254,103.96.0.0,167,unboxdatacenters.com
109.90.164.157,109.90.164.157,109.90.0.0,1,vodafone-ip.de
109.128.101.215,109.128.101.218,109.128.0.0,4,belgacom.be
110.143.75.233,110.143.75.234,110.143.0.0,2,telstra.net
109.133.26.151,109.133.26.160,109.133.0.0,10,belgacom.be
104.248.238.84,104.248.238.84,104.248.0.0,1,
108.62.49.54,108.62.49.58,108.62.0.0,5,extraspecialoffers.com
102.141.143.211,102.141.143.211,102.141.0.0,1,102-141-143-211.in-addr.arpa
104.218.233.3,104.218.233.3,104.218.0.0,1,pugetsoundnetworks.com
110.142.111.128,110.142.111.128,110.142.0.0,1,telstra.net
106.134.1.0,106.134.1.254,106.134.0.0,255,au-net.ne.jp
103.214.181.165,103.214.181.165,103.214.0.0,1,racismeradicated.com
101.187.190.162,101.187.190.171,101.187.0.0,10,telstra.net
103.58.228.92,103.58.228.92,103.58.0.0,1,ufone.co.nz
113.252.152.246,113.252.152.246,113.252.0.0,1,246-152-252-113-on-nets.com
109.144.82.133,109.144.82.133,109.144.0.0,1,bt.net
109.24.127.247,109.24.127.249,109.24.0.0,3,sfr.net
104.248.172.48,104.248.172.48,104.248.0.0,1,
108.163.137.133,108.163.137.133,108.163.0.0,1,sunfuntrip.com
103.145.0.9,103.145.0.255,103.145.0.0,247,vnpt.vn
104.254.216.65,104.254.216.70,104.254.0.0,6,metronetinc.net
104.244.124.80,104.244.124.80,104.244.0.0,1,creavir.com
101.187.17.85,101.187.17.86,101.187.0.0,2,telstra.net
101.187.93.71,101.187.93.71,101.187.0.0,1,telstra.net
108.178.57.208,108.178.57.223,108.178.0.0,16,singlehop.net
103.72.79.60,103.72.79.60,103.72.0.0,1,zer0v0id.com
108.165.208.18,108.165.208.21,108.165.0.0,4,saurce.org.uk
108.167.130.26,108.167.130.27,108.167.0.0,2,arvixevps.com
103.102.153.14,103.102.153.14,103.102.0.0,1,worldeducationexpos.com
105.255.145.51,105.255.145.53,105.255.0.0,3,vodacom.co.za
113.252.175.205,113.252.175.205,113.252.0.0,1,205-175-252-113-on-nets.com
103.54.151.76,103.54.151.76,103.54.0.0,1,76-megaspeednet.com
104.212.82.1,104.212.82.255,104.212.0.0,255,skype.com
103.172.142.30,103.172.142.30,103.172.0.0,1,gix.net.au
111.125.164.209,111.125.164.215,111.125.0.0,7,catch-e.com.au
104.218.18.202,104.218.18.206,104.218.0.0,5,fluiduser.com
111.68.106.240,111.68.106.241,111.68.0.0,2,pern.pk
103.90.0.141,103.90.0.141,103.90.0.0,1,103-90-0-141-bau.edu.bd
109.109.112.178,109.109.112.182,109.109.0.0,5,cbizz.nl
107.255.145.12,107.255.145.16,107.255.0.0,5,mycingular.net
113.252.39.141,113.252.39.141,113.252.0.0,1,141-39-252-113-on-nets.com
110.143.24.79,110.143.24.80,110.143.0.0,2,telstra.net
108.161.131.96,108.161.131.96,108.161.0.0,1,smtpdecolarhost1.com.br
110.143.215.113,110.143.215.113,110.143.0.0,1,telstra.net
112.124.70.140,112.124.70.140,112.124.0.0,1,cnar9.com
107.173.85.169,107.173.85.173,107.173.0.0,5,colocrossing.com
111.89.141.215,111.89.141.215,111.89.0.0,1,silverohno.co.jp
107.182.235.30,107.182.235.30,107.182.0.0,1,pzdrs.net
104.131.27.231,104.131.27.231,104.131.0.0,1,
111.68.28.211,111.68.29.117,111.68.0.0,163,as55666.net
1.234.82.108,1.234.82.108,1.234.0.0,1,fcnetwork.co.kr
103.180.162.102,103.180.162.102,103.180.0.0,1,eliteproxy.co.id
1.33.181.11,1.33.181.11,1.33.0.0,1,opcom.co.jp
104.255.220.130,104.255.220.130,104.255.0.0,1,austindigital.co.nz
104.131.37.80,104.131.37.80,104.131.0.0,1,ondigitalocean.com
109.123.80.131,109.123.80.131,109.123.0.0,1,18livesupport.com
113.192.153.157,113.192.153.157,113.192.0.0,1,golf-digest.co.jp
109.6.39.135,109.6.39.141,109.6.0.0,7,sfr.net
109.70.104.119,109.70.104.126,109.70.0.0,8,hostmaster.ua
101.187.249.208,101.187.249.208,101.187.0.0,1,telstra.net
103.224.182.41,103.224.182.42,103.224.0.0,2,above.com
102.141.189.251,102.141.189.251,102.141.0.0,1,102-141-189-251.in-addr.arpa
104.237.199.145,104.237.199.174,104.237.0.0,30,server11.com
108.186.249.114,108.186.249.123,108.186.0.0,10,p57la.cc
113.252.217.127,113.252.217.127,113.252.0.0,1,127-217-252-113-on-nets.com
113.252.180.86,113.252.180.86,113.252.0.0,1,86-180-252-113-on-nets.com
107.180.238.15,107.180.238.15,107.180.0.0,1,turbosvalencia.com
103.194.118.0,103.194.118.20,103.194.0.0,21,catchcloudwireless.com
104.161.94.154,104.161.94.154,104.161.0.0,1,heremixer.com
109.168.226.202,109.168.226.202,109.168.0.0,1,stavropol.ru
107.191.42.159,107.191.42.159,107.191.0.0,1,schoeby.com
108.161.210.29,108.161.210.29,108.161.0.0,1,
103.107.101.102,103.107.101.102,103.107.0.0,1,atkpmedan.ac.id
101.98.1.166,101.98.1.239,101.98.0.0,74,vocus.co.nz
103.166.220.202,103.166.220.210,103.166.0.0,9,hypestickershop.com
107.155.82.12,107.155.82.12,107.155.0.0,1,107-155-82-12-customer-incero.com
113.252.182.236,113.252.182.236,113.252.0.0,1,236-182-252-113-on-nets.com
108.62.49.4,108.62.49.8,108.62.0.0,5,checkoutthisoffer.com
104.211.27.108,104.211.27.108,104.211.0.0,1,azure.com
104.247.221.116,104.247.221.116,104.247.0.0,1,whiteseabass.info
104.237.158.28,104.237.158.30,104.237.0.0,3,linodeusercontent.com
104.248.33.244,104.248.33.244,104.248.0.0,1,vcminer.com
103.86.139.112,103.86.139.112,103.86.0.0,1,magelangkota.go.id
109.170.240.14,109.170.240.24,109.170.0.0,11,murphx.net
110.142.227.209,110.142.227.211,110.142.0.0,3,telstra.net
108.167.149.229,108.167.149.229,108.167.0.0,1,softcafeteria.com
113.252.224.176,113.252.224.176,113.252.0.0,1,176-224-252-113-on-nets.com
101.53.188.79,101.53.188.84,101.53.0.0,6,siteforce.com
104.192.171.190,104.192.171.190,104.192.0.0,1,purplimputersi.news
107.175.87.227,107.175.87.229,107.175.0.0,3,grabitnow.best
103.94.185.102,103.94.185.102,103.94.0.0,1,pandal.tk
111.90.148.35,111.90.148.35,111.90.0.0,1,ict-courses.com
106.75.75.58,106.75.75.58,106.75.0.0,1,grfsmec.cn
108.253.129.226,108.253.129.226,108.253.0.0,1,parakeetbotanymail.com
109.195.179.146,109.195.179.146,109.195.0.0,1,trustinpro.com
109.199.113.108,109.199.113.135,109.199.0.0,28,sgvps.net
104.238.128.35,104.238.128.35,104.238.0.0,1,vultrusercontent.com
109.133.240.194,109.133.241.6,109.133.0.0,69,belgacom.be
104.131.122.175,104.131.122.175,104.131.0.0,1,queenbcam.com
109.203.118.218,109.203.118.218,109.203.0.0,1,whukhost.com
109.131.56.11,109.131.56.51,109.131.0.0,41,belgacom.be
105.229.144.1,105.229.144.255,105.229.0.0,255,telkomsa.net
113.252.89.215,113.252.89.215,113.252.0.0,1,215-89-252-113-on-nets.com
103.155.92.133,103.155.92.133,103.155.0.0,1,cosma-service.com
108.163.154.26,108.163.154.27,108.163.0.0,2,leaseweb.net
113.252.20.88,113.252.20.88,113.252.0.0,1,88-20-252-113-on-nets.com
101.178.192.101,101.178.192.102,101.178.0.0,2,telstra.net
103.79.220.178,103.79.220.178,103.79.0.0,1,103-79-220-178-kelnet.in
113.252.192.98,113.252.192.98,113.252.0.0,1,98-192-252-113-on-nets.com
113.11.90.8,113.11.90.8,113.11.0.0,1,113-11-90-8-smile.com.bd
113.11.40.218,113.11.40.218,113.11.0.0,1,113-11-40-218-smile.com.bd
104.178.40.236,104.178.50.230,104.178.0.0,2555,sbcglobal.net
104.131.184.191,104.131.184.191,104.131.0.0,1,arnev.com
110.145.211.5,110.145.211.6,110.145.0.0,2,telstra.net
107.161.28.8,107.161.28.8,107.161.0.0,1,z7.org.uk
103.10.113.25,103.10.113.26,103.10.0.0,2,sakura.ad.jp
109.237.219.180,109.237.219.181,109.237.0.0,2,g98.nl
104.223.0.135,104.223.0.226,104.223.0.0,92,quadranet.com
104.245.12.85,104.245.12.88,104.245.0.0,4,v.ps
103.254.255.209,103.254.255.209,103.254.0.0,1,magiccom.com.sg
101.99.70.76,101.99.70.80,101.99.0.0,5,kamon.la
109.134.200.196,109.134.200.202,109.134.0.0,7,belgacom.be
113.252.96.88,113.252.96.88,113.252.0.0,1,88-96-252-113-on-nets.com
109.5.243.1,109.5.243.43,109.5.0.0,43,gaoland.net
113.11.117.169,113.11.117.169,113.11.0.0,1,113-11-117-169-smile.com.bd
104.148.97.156,104.148.97.156,104.148.0.0,1,qgxc.xyz
104.161.94.145,104.161.94.145,104.161.0.0,1,questregard.com
109.204.57.1,109.204.57.63,109.204.0.0,63,managedbroadband.co.uk
109.190.78.131,109.190.78.131,109.190.0.0,1,pnps.fr
109.228.46.43,109.228.46.43,109.228.0.0,1,moomoomarketing.co.uk
104.160.74.79,104.160.74.79,104.160.0.0,1,howdyanna.com
104.237.2.111,104.237.2.111,104.237.0.0,1,itisabouttime.co.za
109.251.128.37,109.251.128.37,109.251.0.0,1,ukrods.com.ua
108.167.174.64,108.167.174.64,108.167.0.0,1,rifehola.net
103.184.170.197,103.184.170.255,103.184.0.0,59,realtel.in
104.149.239.185,104.149.239.185,104.149.0.0,1,cms502.com
107.7.7.1,107.7.7.254,107.7.0.0,254,earthlinkbusiness.net
113.252.84.114,113.252.84.114,113.252.0.0,1,114-84-252-113-on-nets.com
104.132.33.64,104.132.33.111,104.132.0.0,48,google.com
103.242.94.188,103.242.94.188,103.242.0.0,1,nexcess.net
104.148.89.22,104.148.89.22,104.148.0.0,1,9vk.xyz
110.142.188.80,110.142.188.80,110.142.0.0,1,telstra.net
109.192.26.204,109.192.26.208,109.192.0.0,5,vodafone-ip.de
110.92.1.181,110.92.1.181,110.92.0.0,1,medica-signage.com
113.252.66.153,113.252.66.153,113.252.0.0,1,153-66-252-113-on-nets.com
103.7.172.10,103.7.172.12,103.7.0.0,3,mard.gov.vn
109.109.103.243,109.109.104.9,109.109.0.0,23,cbizz.nl
107.199.209.113,107.199.209.118,107.199.0.0,6,carmines.com
113.11.19.46,113.11.19.46,113.11.0.0,1,113-11-19-46-smile.com.bd
113.11.62.246,113.11.62.246,113.11.0.0,1,113-11-62-246-smile.com.bd
110.174.142.111,110.174.142.177,110.174.0.0,67,tpgi.com.au
111.185.85.20,111.185.85.20,111.185.0.0,1,totalbb.net.tw
108.51.31.1,108.51.31.1,108.51.0.0,1,verizon-gni.net
108.178.5.176,108.178.5.177,108.178.0.0,2,dastan.com
104.131.34.78,104.131.34.78,104.131.0.0,1,blackaspen.com
107.155.246.200,107.155.246.203,107.155.0.0,4,umbelbusysystems.com
107.174.229.171,107.174.229.171,107.174.0.0,1,blwzh.com
103.4.112.209,103.4.112.210,103.4.0.0,2,pivot88.com
1.94.244.223,1.94.248.57,1.94.0.0,859,hwclouds-dns.com
101.178.243.213,101.178.243.213,101.178.0.0,1,telstra.net
104.248.14.168,104.248.14.168,104.248.0.0,1,ace-hosting.com.au
109.234.34.215,109.234.34.220,109.234.0.0,6,hosted-by-vdsina.ru
103.197.153.98,103.197.153.98,103.197.0.0,1,98-pipexbd.com
108.59.20.20,108.59.20.20,108.59.0.0,1,fldoe.org
104.239.249.159,104.239.249.159,104.239.0.0,1,viamente.com
109.74.83.122,109.74.83.123,109.74.0.0,2,kyxar.fr
107.180.248.155,107.180.248.158,107.180.0.0,4,dreamhostps.com
109.164.224.200,109.164.224.255,109.164.0.0,56,swisscom.ch
109.134.4.87,109.134.4.227,109.134.0.0,141,belgacom.be
103.23.186.1,103.23.186.30,103.23.0.0,30,ksol.com.au
113.252.246.88,113.252.246.88,113.252.0.0,1,88-246-252-113-on-nets.com
104.114.72.1,104.114.72.1,104.114.0.0,1,akamai.com
113.252.19.235,113.252.19.235,113.252.0.0,1,235-19-252-113-on-nets.com
107.149.17.195,107.149.17.195,107.149.0.0,1,ccf3.com
103.16.129.79,103.16.129.79,103.16.0.0,1,mbaserver.com.au
109.230.236.27,109.230.236.27,109.230.0.0,1,crnimrki.de
103.18.81.143,103.18.81.143,103.18.0.0,1,143-megaspeednet.com
112.109.75.89,112.109.75.89,112.109.0.0,1,geniewallet.co.nz
103.16.100.1,103.16.100.13,103.16.0.0,13,ipptr.com
109.120.159.25,109.120.159.25,109.120.0.0,1,nbrz.ru
103.253.125.217,103.253.125.217,103.253.0.0,1,gpt-crm.in
104.44.200.1,104.44.200.67,104.44.0.0,67,skype.com
101.187.205.45,101.187.205.45,101.187.0.0,1,telstra.net
103.146.176.251,103.146.176.251,103.146.0.0,1,hostingraja.in
101.187.4.210,101.187.4.213,101.187.0.0,4,telstra.net
103.230.166.51,103.230.166.51,103.230.0.0,1,bose.res.in
102.141.162.123,102.141.162.123,102.141.0.0,1,102-141-162-123.in-addr.arpa
113.252.16.156,113.252.16.156,113.252.0.0,1,156-16-252-113-on-nets.com
108.55.193.147,108.55.193.249,108.55.0.0,103,verizon.net
101.187.182.138,101.187.182.141,101.187.0.0,4,telstra.net
107.174.126.83,107.174.126.83,107.174.0.0,1,rayhart.net
111.68.21.197,111.68.21.197,111.68.0.0,1,mimosa-1.co.jp
110.145.123.214,110.145.123.214,110.145.0.0,1,telstra.net
110.93.4.1,110.93.4.254,110.93.0.0,254,cnc.jp
103.187.92.90,103.187.92.103,103.187.0.0,14,enginewing.net
109.75.210.87,109.75.210.117,109.75.0.0,31,inexio.net
109.73.9.92,109.73.9.92,109.73.0.0,1,proconf.ru
107.191.125.217,107.191.125.217,107.191.0.0,1,slapdragon.net
109.123.84.191,109.123.84.192,109.123.0.0,2,bellaluxz.com
103.98.74.102,103.98.74.102,103.98.0.0,1,hostinginside.com
109.250.26.1,109.250.26.254,109.250.0.0,254,versanet.de
109.238.6.204,109.238.6.204,109.238.0.0,1,lohk.net
109.159.233.243,109.159.233.243,109.159.0.0,1,bt.net
101.98.2.131,101.98.2.132,101.98.0.0,2,vocus.co.nz
104.219.14.103,104.219.14.103,104.219.0.0,1,miniaturedesigns.com
104.236.209.202,104.236.209.202,104.236.0.0,1,lerven.me
108.179.217.123,108.179.217.123,108.179.0.0,1,rhs.edu.lb
110.164.73.81,110.164.73.81,110.164.0.0,1,satitpatumwan.ac.th
108.3.24.2,108.3.24.254,108.3.0.0,253,verizon.net
113.252.197.185,113.252.197.185,113.252.0.0,1,185-197-252-113-on-nets.com
109.133.41.47,109.133.41.49,109.133.0.0,3,belgacom.be
113.11.84.176,113.11.84.176,113.11.0.0,1,113-11-84-176-smile.com.bd
108.35.70.2,108.35.70.254,108.35.0.0,253,verizon.net
1.202.130.163,1.202.130.163,1.202.0.0,1,timegroup.com.cn
108.166.190.249,108.166.190.249,108.166.0.0,1,surveyspress.com
109.204.126.0,109.204.126.60,109.204.0.0,61,mops2.co.uk
108.163.218.213,108.163.218.213,108.163.0.0,1,unlimited2012.com
113.11.35.92,113.11.35.92,113.11.0.0,1,113-11-35-92-smile.com.bd
104.232.81.182,104.232.81.182,104.232.0.0,1,104-232-81-182.in-addr.arpa
103.195.186.66,103.195.186.66,103.195.0.0,1,webhostbox.net
107.1.117.161,107.1.117.161,107.1.0.0,1,comcast.net
107.161.177.250,107.161.177.250,107.161.0.0,1,lawrenceequipment.com
103.120.177.114,103.120.177.114,103.120.0.0,1,kireetiserver.com
104.223.226.66,104.223.226.70,104.223.0.0,5,doctrictly.com
110.173.133.219,110.173.133.219,110.173.0.0,1,smartservers.com.au
108.170.51.115,108.170.51.118,108.170.0.0,4,lifestyleexpectregular.com
103.19.7.72,103.19.7.72,103.19.0.0,1,btg.net.nz
110.142.76.247,110.142.76.249,110.142.0.0,3,telstra.net
104.207.246.158,104.207.246.158,104.207.0.0,1,imagingsolutionsdirect.com
106.162.175.233,106.162.175.234,106.162.0.0,2,kddi.ne.jp
108.14.104.2,108.14.104.254,108.14.0.0,253,verizon.net
110.142.137.200,110.142.137.201,110.142.0.0,2,telstra.net
101.187.47.91,101.187.47.92,101.187.0.0,2,telstra.net
109.254.158.27,109.254.158.27,109.254.0.0,1,dec.net.ua
106.148.108.0,106.148.108.254,106.148.0.0,255,au-net.ne.jp
103.240.250.7,103.240.250.7,103.240.0.0,1,duttasmtp.info
109.160.21.241,109.160.21.251,109.160.0.0,11,nesebar-lan.net
103.119.239.199,103.119.239.200,103.119.0.0,2,activ.link
113.252.47.210,113.252.47.210,113.252.0.0,1,210-47-252-113-on-nets.com
101.187.214.69,101.187.214.69,101.187.0.0,1,telstra.net
110.143.203.248,110.143.203.248,110.143.0.0,1,telstra.net
102.141.140.0,102.141.140.0,102.141.0.0,1,102-141-140-0.in-addr.arpa
108.163.197.224,108.163.197.225,108.163.0.0,2,aginet.com.ar
103.102.153.248,103.102.153.248,103.102.0.0,1,ost.co.id
110.50.223.170,110.50.223.187,110.50.0.0,18,secure.jp
109.104.73.180,109.104.73.180,109.104.0.0,1,webfusion.co.uk
108.61.219.79,108.61.219.79,108.61.0.0,1,
107.190.129.189,107.190.129.189,107.190.0.0,1,tiimeespy.pro
104.186.208.0,104.186.229.106,104.186.0.0,5483,sbcglobal.net
108.174.96.38,108.174.96.38,108.174.0.0,1,cadas.org
101.0.110.10,101.0.110.11,101.0.0.0,2,digitalpacific.com.au
103.7.12.100,103.7.12.101,103.7.0.0,2,kemenag.go.id
111.223.237.68,111.223.237.68,111.223.0.0,1,ws1.net.au
109.68.224.97,109.68.224.98,109.68.0.0,2,syseleven.net
110.175.242.175,110.175.243.67,110.175.0.0,149,tpgi.com.au
113.11.47.194,113.11.47.194,113.11.0.0,1,113-11-47-194-smile.com.bd
111.118.166.102,111.118.166.102,111.118.0.0,1,fortemusic.com
103.233.13.16,103.233.13.23,103.233.0.0,8,ilandcloud.com
108.187.238.132,108.187.238.143,108.187.0.0,12,sidecover.net
102.141.151.179,102.141.151.179,102.141.0.0,1,102-141-151-179.in-addr.arpa
108.177.175.19,108.177.175.19,108.177.0.0,1,gyt.asia
113.161.64.196,113.161.64.198,113.161.0.0,3,vnpt.vn
113.252.86.182,113.252.86.182,113.252.0.0,1,182-86-252-113-on-nets.com
107.174.64.62,107.174.64.62,107.174.0.0,1,qiqdabx.cn
104.149.139.250,104.149.139.254,104.149.0.0,5,adgcurrent.com
110.142.108.207,110.142.108.207,110.142.0.0,1,telstra.net
109.107.35.6,109.107.35.7,109.107.0.0,2,brightbox.com
110.142.111.178,110.142.111.178,110.142.0.0,1,telstra.net
107.160.250.207,107.160.250.207,107.160.0.0,1,js615.top
103.60.99.11,103.60.99.12,103.60.0.0,2,hero.co.nz
101.187.250.161,101.187.250.165,101.187.0.0,5,telstra.net
1.33.171.174,1.33.171.174,1.33.0.0,1,himeji-cci.or.jp
101.178.196.172,101.178.196.172,101.178.0.0,1,telstra.net
103.233.0.95,103.233.0.95,103.233.0.0,1,hobstyle.com
108.121.79.193,108.121.81.116,108.121.0.0,436,spcsdns.net
109.111.210.113,109.111.210.113,109.111.0.0,1,eaveson.co.uk
104.193.110.212,104.193.110.212,104.193.0.0,1,curhub.net
111.185.255.126,111.185.255.126,111.185.0.0,1,totalbb.net.tw
109.167.252.44,109.167.253.7,109.167.0.0,220,westcall.net
103.142.26.215,103.142.26.215,103.142.0.0,1,fumy.vn
113.252.139.219,113.252.139.219,113.252.0.0,1,219-139-252-113-on-nets.com
106.75.154.243,106.75.154.243,106.75.0.0,1,yqmlroj.cn
103.212.227.109,103.212.227.109,103.212.0.0,1,flightgro.org.uk
108.167.147.56,108.167.147.56,108.167.0.0,1,websitewelcome.com
109.195.50.78,109.195.50.78,109.195.0.0,1,comch.ru
103.103.238.97,103.103.238.97,103.103.0.0,1,sydgrammar.nsw.edu.au
113.252.215.169,113.252.215.169,113.252.0.0,1,169-215-252-113-on-nets.com
109.73.128.27,109.73.128.31,109.73.0.0,5,pknetworks.ro
113.11.92.81,113.11.92.81,113.11.0.0,1,113-11-92-81-smile.com.bd
104.219.248.2,104.219.248.13,104.219.0.0,12,registrar-servers.com
103.206.105.218,103.206.105.218,103.206.0.0,1,103-218.in-addr.arpa
109.232.220.13,109.232.220.13,109.232.0.0,1,electratrh3.com
110.174.65.111,110.174.65.173,110.174.0.0,63,tpgi.com.au
103.18.83.228,103.18.83.228,103.18.0.0,1,228-megaspeednet.com
113.252.41.207,113.252.41.207,113.252.0.0,1,207-41-252-113-on-nets.com
109.117.130.148,109.117.130.148,109.117.0.0,1,vodafone.it
113.11.89.194,113.11.89.194,113.11.0.0,1,113-11-89-194-smile.com.bd
111.65.230.129,111.65.230.129,111.65.0.0,1,net24.net.nz
104.244.210.6,104.244.210.6,104.244.0.0,1,microdns.net
107.180.238.16,107.180.238.18,107.180.0.0,3,dream.io
104.207.237.248,104.207.237.248,104.207.0.0,1,vinylvisions.net
103.199.187.201,103.199.187.201,103.199.0.0,1,raoidlearntim.top
102.141.143.138,102.141.143.138,102.141.0.0,1,102-141-143-138.in-addr.arpa
103.189.238.80,103.189.238.84,103.189.0.0,5,autonomoussystemssolutions.com
113.11.109.20,113.11.109.20,113.11.0.0,1,113-11-109-20-smile.com.bd
104.247.73.39,104.247.73.39,104.247.0.0,1,inmotionhosting.com
107.173.171.55,107.173.171.55,107.173.0.0,1,appologon.com
102.141.150.159,102.141.150.159,102.141.0.0,1,102-141-150-159.in-addr.arpa
108.166.152.199,108.166.152.201,108.166.0.0,3,mchsi.com
103.146.176.129,103.146.176.129,103.146.0.0,1,hostingraja.in
109.168.166.233,109.168.166.234,109.168.0.0,2,stavropol.ru
104.227.155.145,104.227.155.149,104.227.0.0,5,unorace.com
107.173.40.211,107.173.40.214,107.173.0.0,4,colocrossing.com
102.39.18.197,102.39.18.197,102.39.0.0,1,trojan.co.za
109.206.214.0,109.206.214.6,109.206.0.0,7,skynet.net.pl
103.233.0.161,103.233.0.161,103.233.0.0,1,mschosting.org
109.167.210.60,109.167.210.61,109.167.0.0,2,westcall.net
113.252.79.82,113.252.79.82,113.252.0.0,1,82-79-252-113-on-nets.com
109.70.239.0,109.70.239.255,109.70.0.0,256,qorenect.net
109.164.249.26,109.164.249.26,109.164.0.0,1,roggerambauen.ch
110.143.149.182,110.143.149.182,110.143.0.0,1,telstra.net
107.174.159.71,107.174.159.164,107.174.0.0,94,colocrossing.com
111.90.148.144,111.90.148.144,111.90.0.0,1,nbmcw.com
102.164.1.183,102.164.2.51,102.164.0.0,125,102.in-addr.arpa
108.161.129.212,108.161.129.212,108.161.0.0,1,moneybook2u.com
113.11.101.191,113.11.101.191,113.11.0.0,1,113-11-101-191-smile.com.bd
102.166.147.154,102.166.148.255,102.166.0.0,358,telkom.co.ke
113.11.122.68,113.11.122.68,113.11.0.0,1,113-11-122-68-smile.com.bd
111.118.166.4,111.118.166.5,111.118.0.0,2,crucialx.net
104.248.3.75,104.248.3.75,104.248.0.0,1,
103.212.70.206,103.212.70.207,103.212.0.0,2,valse-server.net
109.254.93.134,109.254.93.136,109.254.0.0,3,dec.net.ua
108.170.166.1,108.170.166.254,108.170.0.0,254,start.ca
103.227.62.215,103.227.62.215,103.227.0.0,1,rotaryteach.org
103.237.108.198,103.237.108.198,103.237.0.0,1,ysb.net.au
112.245.48.133,112.245.48.133,112.245.0.0,1,sdtakai.com
110.143.2.33,110.143.2.35,110.143.0.0,3,telstra.net
109.1.158.161,109.1.158.161,109.1.0.0,1,menuiserie-mcm.fr
105.187.242.1,105.187.242.64,105.187.0.0,64,google.com
109.190.139.37,109.190.139.37,109.190.0.0,1,ovh.fr
1.33.181.189,1.33.181.189,1.33.0.0,1,maketherapy.com
104.192.226.18,104.192.226.20,104.192.0.0,3,somdeals.org
101.187.131.113,101.187.131.113,101.187.0.0,1,telstra.net
109.233.115.86,109.233.115.90,109.233.0.0,5,
109.70.5.14,109.70.5.14,109.70.0.0,1,mijnwerkplek.cloud
103.176.87.106,103.176.87.106,103.176.0.0,1,87-106-goldcable.net
104.156.227.97,104.156.227.97,104.156.0.0,1,example.com
104.168.201.172,104.168.201.172,104.168.0.0,1,antone.dev
113.252.103.84,113.252.103.84,113.252.0.0,1,84-103-252-113-on-nets.com
104.39.163.149,104.39.163.149,104.39.0.0,1,psu.edu
109.71.14.98,109.71.14.98,109.71.0.0,1,cativante.click
110.143.154.123,110.143.154.123,110.143.0.0,1,telstra.net
113.252.65.95,113.252.65.95,113.252.0.0,1,95-65-252-113-on-nets.com
1.38.12.1,1.38.12.254,1.38.0.0,254,vodafone.in
104.254.100.55,104.254.100.57,104.254.0.0,3,unwiredbb.net
104.254.182.96,104.254.182.96,104.254.0.0,1,drixoral.ca
103.196.224.0,103.196.225.160,103.196.0.0,417,powertel.in
109.117.189.250,109.117.189.250,109.117.0.0,1,vodafonedsl.it
107.152.101.223,107.152.101.223,107.152.0.0,1,bc-craft.com
109.73.169.40,109.73.169.42,109.73.0.0,3,lvnoc.com
108.178.18.140,108.178.18.151,108.178.0.0,12,onlinejmc.com
104.198.138.120,104.198.138.120,104.198.0.0,1,cloud.goog
109.123.110.204,109.123.110.204,109.123.0.0,1,bestadvice.net
104.232.95.208,104.232.95.208,104.232.0.0,1,104-232-95-208.in-addr.arpa
109.168.153.45,109.168.153.45,109.168.0.0,1,stv.ru
104.225.3.100,104.225.3.100,104.225.0.0,1,wh-services.com
110.143.65.242,110.143.65.246,110.143.0.0,5,telstra.net
108.82.75.130,108.82.80.150,108.82.0.0,1301,sbcglobal.net
102.140.192.158,102.140.192.158,102.140.0.0,1,kensi.org
101.187.93.227,101.187.93.229,101.187.0.0,3,telstra.net
104.36.57.1,104.36.57.25,104.36.0.0,25,104.in-addr.arpa
109.75.172.156,109.75.172.156,109.75.0.0,1,digigate.net
113.196.137.32,113.196.137.33,113.196.0.0,2,sparqnet.net
113.158.200.1,113.158.203.254,113.158.0.0,1022,dion.ne.jp
101.187.137.125,101.187.137.126,101.187.0.0,2,telstra.net
107.1.81.177,107.1.81.177,107.1.0.0,1,comcast.net
109.3.88.143,109.3.88.177,109.3.0.0,35,sfr.net
113.11.21.195,113.11.21.195,113.11.0.0,1,113-11-21-195-smile.com.bd
109.201.141.157,109.201.141.157,109.201.0.0,1,ncvered.com
103.44.210.131,103.44.210.254,103.44.0.0,124,
111.185.236.36,111.185.236.36,111.185.0.0,1,totalbb.net.tw
111.68.98.0,111.68.98.15,111.68.0.0,16,comstech.org
108.50.45.1,108.50.45.1,108.50.0.0,1,verizon-gni.net
103.185.140.7,103.185.140.7,103.185.0.0,1,skoba.eu
107.7.12.82,107.7.12.83,107.7.0.0,2,imcfp.com
109.117.138.196,109.117.138.198,109.117.0.0,3,vodafone.it
108.175.156.137,108.175.156.138,108.175.0.0,2,arvixevps.com
1.33.168.85,1.33.168.85,1.33.0.0,1,valuablelink.jp
108.163.144.79,108.163.144.79,108.163.0.0,1,lapersonnelle.com
1.32.243.244,1.32.243.245,1.32.0.0,2,fmcartier.net
108.175.164.186,108.175.164.186,108.175.0.0,1,yacart.com
110.143.90.118,110.143.90.118,110.143.0.0,1,telstra.net
108.179.198.225,108.179.198.226,108.179.0.0,2,unifiedlayer.com
103.146.177.126,103.146.177.126,103.146.0.0,1,anucentosservercentos7.com
110.143.4.169,110.143.4.170,110.143.0.0,2,telstra.net
107.161.179.53,107.161.179.55,107.161.0.0,3,hostdime.com
113.21.37.117,113.21.37.123,113.21.0.0,7,isphone.com.au
106.162.245.89,106.162.245.90,106.162.0.0,2,kddi.ne.jp
109.74.11.60,109.74.11.63,109.74.0.0,4,glesys.net
103.6.245.235,103.6.245.235,103.6.0.0,1,apexshipping.com.my
113.252.86.118,113.252.86.118,113.252.0.0,1,118-86-252-113-on-nets.com
103.6.129.131,103.6.129.135,103.6.0.0,5,iptp.net
103.215.161.110,103.215.161.111,103.215.0.0,2,vmvault.com.au
107.255.237.71,107.255.237.76,107.255.0.0,6,mycingular.net
108.177.138.233,108.177.138.233,108.177.0.0,1,bankrtae.com
104.123.69.2,104.123.69.128,104.123.0.0,127,akamaitechnologies.com
103.251.246.215,103.251.246.215,103.251.0.0,1,103-251-246-215-tuhinenterprise.com
106.147.207.1,106.147.207.255,106.147.0.0,255,au-net.ne.jp
110.142.180.202,110.142.180.206,110.142.0.0,5,telstra.net
110.143.187.10,110.143.187.10,110.143.0.0,1,telstra.net
110.142.117.207,110.142.117.216,110.142.0.0,10,telstra.net
113.203.247.135,113.203.247.135,113.203.0.0,1,ctm.net
103.102.153.229,103.102.153.230,103.102.0.0,2,goldenfast.net
108.61.93.203,108.61.93.216,108.61.0.0,14,choopa.net
101.0.67.227,101.0.67.227,101.0.0.0,1,smartservers.com.au
108.5.171.2,108.5.171.254,108.5.0.0,253,verizon.net
103.242.94.67,103.242.94.67,103.242.0.0,1,nexcess.net
109.70.7.116,109.70.7.116,109.70.0.0,1,fxw.nl
107.199.133.0,107.199.133.255,107.199.0.0,256,sbcglobal.net
108.61.64.224,108.61.64.224,108.61.0.0,1,choopa.net
110.143.2.56,110.143.2.56,110.143.0.0,1,telstra.net
103.28.23.156,103.28.23.156,103.28.0.0,1,lantip.info
109.109.112.4,109.109.112.19,109.109.0.0,16,cbizz.nl
107.152.96.13,107.152.96.13,107.152.0.0,1,senderxyz.com
104.131.234.121,104.131.234.121,104.131.0.0,1,emr.ge
103.224.23.151,103.224.23.151,103.224.0.0,1,baghirathi.com
113.161.80.150,113.161.80.150,113.161.0.0,1,ttcgroup.vn
104.77.144.1,104.77.144.1,104.77.0.0,1,akamai.com
113.252.38.130,113.252.38.130,113.252.0.0,1,130-38-252-113-on-nets.com
113.252.11.118,113.252.11.118,113.252.0.0,1,118-11-252-113-on-nets.com
103.105.48.32,103.105.48.32,103.105.0.0,1,guidepress.org
104.206.237.160,104.206.237.192,104.206.0.0,33,dourbiha.com
103.52.180.47,103.52.180.48,103.52.0.0,2,angelbroking.in
103.68.63.82,103.68.63.82,103.68.0.0,1,layerdns.cloud
109.168.247.49,109.168.247.49,109.168.0.0,1,stv.ru
111.185.250.144,111.185.250.144,111.185.0.0,1,totalbb.net.tw
104.12.119.233,104.12.119.238,104.12.0.0,6,vilece.net
113.161.78.193,113.161.78.193,113.161.0.0,1,ecoe.com.vn
113.11.13.175,113.11.13.175,113.11.0.0,1,113-11-13-175-smile.com.bd
101.53.161.171,101.53.161.172,101.53.0.0,2,salesforce.com
1.202.108.209,1.202.113.79,1.202.0.0,1151,bjtelecom.net
104.236.216.154,104.236.216.154,104.236.0.0,1,magicbabynames.com
109.69.220.130,109.69.220.131,109.69.0.0,2,hq69.com
100.43.142.169,100.43.142.169,100.43.0.0,1,half-charge.com
101.100.196.165,101.100.196.165,101.100.0.0,1,nantongorient.com
109.117.191.216,109.117.191.217,109.117.0.0,2,vodafonedsl.it
110.141.239.167,110.141.239.167,110.141.0.0,1,deevineestate.com
109.133.243.91,109.133.243.98,109.133.0.0,8,belgacom.be
107.159.24.1,107.159.24.254,107.159.0.0,254,ebox.net
110.143.118.249,110.143.118.250,110.143.0.0,2,telstra.net
109.199.120.53,109.199.120.66,109.199.0.0,14,siteground.com
103.27.207.41,103.27.207.41,103.27.0.0,1,sportino.store
113.11.72.76,113.11.72.76,113.11.0.0,1,113-11-72-76-smile.com.bd
103.8.27.8,103.8.27.8,103.8.0.0,1,thecardreams.com
107.172.168.30,107.172.168.32,107.172.0.0,3,erwoler.com
103.230.184.7,103.230.184.7,103.230.0.0,1,codevalley.com
110.0.121.1,110.0.121.254,110.0.0.0,254,yournet.ne.jp
103.254.136.135,103.254.136.136,103.254.0.0,2,syrahost.com
107.22.170.40,107.22.170.110,107.22.0.0,71,amazonaws.com
104.156.249.178,104.156.249.178,104.156.0.0,1,vultrusercontent.com
104.129.169.176,104.129.169.176,104.129.0.0,1,coomuldesa.com
113.253.103.12,113.253.103.12,113.253.0.0,1,12-103-253-113-on-nets.com
103.141.227.152,103.141.227.152,103.141.0.0,1,ideasofactory.co.uk
103.74.113.7,103.74.113.7,103.74.0.0,1,vetc.com.vn
104.160.179.213,104.160.179.213,104.160.0.0,1,h3-morningrelieefcycle.nl
113.252.133.184,113.252.133.184,113.252.0.0,1,184-133-252-113-on-nets.com
109.164.115.15,109.164.115.15,109.164.0.0,1,hoch.cz
104.239.145.141,104.239.145.141,104.239.0.0,1,coggno.com
109.61.102.7,109.61.102.7,109.61.0.0,1,maxeline.com
109.254.37.27,109.254.37.29,109.254.0.0,3,dec.net.ua
107.22.174.222,107.22.174.251,107.22.0.0,30,amazonaws.com
109.235.59.196,109.235.59.196,109.235.0.0,1,vautronserver.de
109.68.48.120,109.68.48.120,109.68.0.0,1,mailcop.de
103.93.56.15,103.93.56.41,103.93.0.0,27,biznetg.io
109.228.40.24,109.228.40.24,109.228.0.0,1,webtimehosting.co.uk
103.227.62.159,103.227.62.159,103.227.0.0,1,fordemos.co.in
107.173.81.149,107.173.81.149,107.173.0.0,1,lettulsim.com
104.237.143.28,104.237.143.28,104.237.0.0,1,linode.com
103.215.21.252,103.215.21.252,103.215.0.0,1,vpsgalaxy.com
107.181.8.121,107.181.15.255,107.181.0.0,1927,ctvea.net
108.167.168.249,108.167.168.249,108.167.0.0,1,nwstec.com.br
108.186.141.135,108.186.141.135,108.186.0.0,1,yvaj.cn
113.11.92.44,113.11.92.44,113.11.0.0,1,113-11-92-44-smile.com.bd
108.178.2.184,108.178.2.191,108.178.0.0,8,singlehop.net
103.6.238.1,103.6.238.1,103.6.0.0,1,skali.net
113.252.26.11,113.252.26.11,113.252.0.0,1,11-26-252-113-on-nets.com
108.15.100.1,108.15.100.1,108.15.0.0,1,verizon-gni.net
113.253.112.21,113.253.112.21,113.253.0.0,1,21-112-253-113-on-nets.com
109.117.155.246,109.117.155.246,109.117.0.0,1,vodafonedsl.it
109.117.158.125,109.117.158.125,109.117.0.0,1,vodafonedsl.it
101.187.99.80,101.187.99.80,101.187.0.0,1,telstra.net
104.37.173.165,104.37.173.165,104.37.0.0,1,jemoweb.com
107.170.232.48,107.170.232.48,107.170.0.0,1,kithrup.com
102.164.6.181,102.164.7.49,102.164.0.0,125,102.in-addr.arpa
103.3.61.149,103.3.61.150,103.3.0.0,2,linode.com
104.254.245.51,104.254.245.51,104.254.0.0,1,tony-marriott.com
103.137.13.2,103.137.13.3,103.137.0.0,2,gslnetworks.com.au
103.250.22.200,103.250.22.204,103.250.0.0,5,digitalpacific.com.au
113.252.202.91,113.252.202.91,113.252.0.0,1,91-202-252-113-on-nets.com
103.166.177.10,103.166.177.12,103.166.0.0,3,canopytool.com
103.139.184.147,103.139.184.148,103.139.0.0,2,vetta.net.nz
104.219.168.205,104.219.168.207,104.219.0.0,3,ticcandle.com
109.237.223.200,109.237.223.200,109.237.0.0,1,mihosnet-13.nl
107.9.95.157,107.9.95.157,107.9.0.0,1,charter.com
109.73.147.97,109.73.147.97,109.73.0.0,1,prignitz-aktuell.de
108.177.138.15,108.177.138.15,108.177.0.0,1,dailyhaha.co
108.220.114.0,108.220.115.255,108.220.0.0,512,sbcglobal.net
108.170.35.210,108.170.35.210,108.170.0.0,1,ecua-net.com
107.158.123.101,107.158.123.101,107.158.0.0,1,explicitbanquet.com
103.240.249.14,103.240.249.14,103.240.0.0,1,aknetbd.com
113.252.244.130,113.252.244.130,113.252.0.0,1,130-244-252-113-on-nets.com
108.215.24.42,108.215.24.91,108.215.0.0,50,sbcglobal.net
108.61.171.106,108.61.171.111,108.61.0.0,6,vultrusercontent.com
104.81.247.1,104.81.247.1,104.81.0.0,1,akamai.com
113.11.43.242,113.11.43.242,113.11.0.0,1,113-11-43-242-smile.com.bd
111.185.95.43,111.185.95.43,111.185.0.0,1,totalbb.net.tw
109.254.125.144,109.254.125.144,109.254.0.0,1,dec.net.ua
113.253.111.114,113.253.111.114,113.253.0.0,1,114-111-253-113-on-nets.com
103.159.247.237,103.159.247.245,103.159.0.0,9,trademaxplus.com
109.26.76.27,109.26.76.29,109.26.0.0,3,sfr.net
104.131.165.46,104.131.165.46,104.131.0.0,1,drivecommerce.com
102.129.50.1,102.129.50.1,102.129.0.0,1,megasurf.co.za
108.174.193.90,108.174.193.90,108.174.0.0,1,emailconnection.net
108.167.153.212,108.167.153.212,108.167.0.0,1,bluehost.com
107.161.190.58,107.161.190.61,107.161.0.0,4,meteorkey.net
104.168.35.105,104.168.35.105,104.168.0.0,1,kladink.org.uk
109.234.104.150,109.234.104.150,109.234.0.0,1,marwe.net
104.216.213.157,104.216.213.157,104.216.0.0,1,paperlesspost.com
110.14.171.122,110.14.171.122,110.14.0.0,1,busanpa.com
104.131.90.200,104.131.90.200,104.131.0.0,1,cloudwaysapps.com
110.142.242.34,110.142.242.34,110.142.0.0,1,telstra.net
109.121.247.12,109.121.247.13,109.121.0.0,2,bulsat.com
110.143.234.93,110.143.234.93,110.143.0.0,1,telstra.net
112.213.36.27,112.213.36.27,112.213.0.0,1,bnr.la
113.252.197.79,113.252.197.79,113.252.0.0,1,79-197-252-113-on-nets.com
109.201.148.209,109.201.148.212,109.201.0.0,4,clanwarz.com
113.252.233.230,113.252.233.230,113.252.0.0,1,230-233-252-113-on-nets.com
107.161.18.214,107.161.18.214,107.161.0.0,1,robinsonjunction.org
104.232.125.193,104.232.125.193,104.232.0.0,1,as54858.net
107.161.183.190,107.161.183.190,107.161.0.0,1,ditcom.com.br
108.2.231.2,108.2.231.254,108.2.0.0,253,verizon.net
103.164.103.219,103.164.103.254,103.164.0.0,36,iforte.net.id
113.11.90.13,113.11.90.13,113.11.0.0,1,113-11-90-13-smile.com.bd
113.11.114.156,113.11.114.156,113.11.0.0,1,113-11-114-156-smile.com.bd
113.252.73.201,113.252.73.201,113.252.0.0,1,201-73-252-113-on-nets.com
107.170.139.100,107.170.139.100,107.170.0.0,1,infimail.com
107.160.125.247,107.160.125.247,107.160.0.0,1,psychz.net
104.131.152.49,104.131.152.49,104.131.0.0,1,liblynxgateway.com
113.252.98.36,113.252.98.36,113.252.0.0,1,36-98-252-113-on-nets.com
109.134.149.185,109.134.149.232,109.134.0.0,48,belgacom.be
103.9.103.48,103.9.103.49,103.9.0.0,2,softwareconsultancy.info
109.109.107.3,109.109.107.3,109.109.0.0,1,huismangroup.net
103.4.144.11,103.4.144.11,103.4.0.0,1,tradevision.com.bd
103.21.128.157,103.21.128.157,103.21.0.0,1,genuineapplianceparts.com.au
109.194.20.99,109.194.20.99,109.194.0.0,1,baikal-system.ru
109.199.108.234,109.199.108.234,109.199.0.0,1,siteground.com
103.70.68.214,103.70.68.214,103.70.0.0,1,winetmedia.net
108.227.167.61,108.227.167.61,108.227.0.0,1,intelecommunications.com
107.155.68.6,107.155.68.7,107.155.0.0,2,sucursaleshircasa.com
111.90.158.120,111.90.158.120,111.90.0.0,1,blockchain-transfers.com
109.94.110.86,109.94.110.86,109.94.0.0,1,kouhi.org
113.11.3.144,113.11.3.144,113.11.0.0,1,113-11-3-144-smile.com.bd
1.21.172.1,1.21.172.254,1.21.0.0,254,vectant.ne.jp
110.175.17.111,110.175.17.173,110.175.0.0,63,tpgi.com.au
109.7.67.171,109.7.67.171,109.7.0.0,1,vairessurmarne.fr
113.252.4.238,113.252.4.238,113.252.0.0,1,238-4-252-113-on-nets.com
109.203.100.171,109.203.100.171,109.203.0.0,1,3rdofferton.org.uk
109.232.17.8,109.232.17.8,109.232.0.0,1,wivatel.com
113.252.193.60,113.252.193.60,113.252.0.0,1,60-193-252-113-on-nets.com
110.143.117.214,110.143.117.216,110.143.0.0,3,telstra.net
1.22.44.165,1.22.44.165,1.22.0.0,1,hydropure.in
103.215.136.151,103.215.136.151,103.215.0.0,1,securessl.net
110.175.49.111,110.175.49.173,110.175.0.0,63,tpgi.com.au
1.94.65.39,1.94.68.129,1.94.0.0,859,hwclouds-dns.com
113.252.207.125,113.252.207.125,113.252.0.0,1,125-207-252-113-on-nets.com
104.131.14.55,104.131.14.55,104.131.0.0,1,livemsemijoias.com.br
112.221.133.6,112.221.133.6,112.221.0.0,1,jmic.co.kr
102.221.36.52,102.221.36.52,102.221.0.0,1,adrenergy.co.za
109.168.48.197,109.168.48.205,109.168.0.0,9,kpnqwest.it
104.161.79.129,104.161.79.129,104.161.0.0,1,sapphyre.org
102.137.125.1,102.137.125.254,102.137.0.0,254,afnet.net
103.130.164.0,103.130.167.255,103.130.0.0,1024,myrepublic.co.id
108.163.139.46,108.163.139.46,108.163.0.0,1,vrl.net.au
104.254.245.126,104.254.245.126,104.254.0.0,1,speedsistemas.net
108.160.64.9,108.160.64.9,108.160.0.0,1,sebastiancorp.com
104.171.241.1,104.171.241.240,104.171.0.0,240,epbfi.com
103.255.242.120,103.255.242.120,103.255.0.0,1,as55666.net
101.187.198.125,101.187.198.127,101.187.0.0,3,telstra.net
104.255.9.170,104.255.9.170,104.255.0.0,1,infocube.hk
104.168.136.245,104.168.136.250,104.168.0.0,6,hostwindsdns.com
107.6.175.120,107.6.175.127,107.6.0.0,8,singlehop.net
109.123.102.55,109.123.102.55,109.123.0.0,1,feastfine.store
103.162.172.223,103.162.172.238,103.162.0.0,16,twowincolimited-hk.com
113.252.31.138,113.252.31.138,113.252.0.0,1,138-31-252-113-on-nets.com
103.18.83.13,103.18.83.13,103.18.0.0,1,13-megaspeednet.com
107.161.69.179,107.161.69.179,107.161.0.0,1,ekelectrik.ca
107.178.122.224,107.178.127.255,107.178.0.0,1312,ioflood.net
104.238.141.191,104.238.141.191,104.238.0.0,1,talkrxsky.com
104.152.109.93,104.152.109.93,104.152.0.0,1,inmotionhosting.com
110.142.240.204,110.142.240.205,110.142.0.0,2,telstra.net
108.163.240.29,108.163.240.29,108.163.0.0,1,beaziabar.club
103.6.238.113,103.6.238.113,103.6.0.0,1,bcardnews.com.my
103.133.215.217,103.133.215.217,103.133.0.0,1,ewebguru.net
110.143.191.203,110.143.191.203,110.143.0.0,1,telstra.net
109.109.123.146,109.109.123.146,109.109.0.0,1,royalflowers.nl
101.187.87.215,101.187.87.215,101.187.0.0,1,telstra.net
110.145.220.249,110.145.220.250,110.145.0.0,2,telstra.net
100.0.1.1,100.0.1.1,100.0.0.0,1,verizon-gni.net
103.54.150.195,103.54.150.195,103.54.0.0,1,195-megaspeednet.com
103.64.150.153,103.64.150.153,103.64.0.0,1,host-103-64-150-153-apnic.net
103.158.5.4,103.158.5.4,103.158.0.0,1,4-pipexbd.com
113.252.94.237,113.252.94.237,113.252.0.0,1,237-94-252-113-on-nets.com
110.142.232.62,110.142.232.63,110.142.0.0,2,telstra.net
113.130.22.194,113.130.22.194,113.130.0.0,1,obirin.ac.jp
113.253.119.100,113.253.119.100,113.253.0.0,1,100-119-253-113-on-nets.com
108.178.27.144,108.178.27.151,108.178.0.0,8,mineplex.com
107.1.185.39,107.1.185.39,107.1.0.0,1,greavesindia.com
104.39.114.21,104.39.114.21,104.39.0.0,1,psu.edu
108.41.13.1,108.41.13.1,108.41.0.0,1,verizon-gni.net
109.144.57.119,109.144.57.119,109.144.0.0,1,bt.net
107.170.82.215,107.170.82.215,107.170.0.0,1,ayaz.pk
102.141.166.127,102.141.166.127,102.141.0.0,1,102-141-166-127.in-addr.arpa
108.5.251.1,108.5.251.1,108.5.0.0,1,verizon-gni.net
111.185.15.134,111.185.15.134,111.185.0.0,1,totalbb.net.tw
103.169.91.149,103.169.91.149,103.169.0.0,1,scholarresstudy.biz
107.175.21.192,107.175.21.192,107.175.0.0,1,xcemails.com
113.252.22.76,113.252.22.76,113.252.0.0,1,76-22-252-113-on-nets.com
103.6.147.227,103.6.147.227,103.6.0.0,1,incentivesolutions.co.nz
109.2.210.6,109.2.210.6,109.2.0.0,1,sinex-industrie.com
101.178.237.224,101.178.237.225,101.178.0.0,2,telstra.net
103.143.46.57,103.143.46.57,103.143.0.0,1,sattabossmatka.com
109.186.209.1,109.186.209.254,109.186.0.0,254,netvision.net.il
108.179.210.255,108.179.210.255,108.179.0.0,1,weilandmarine.com
108.167.186.211,108.167.186.211,108.167.0.0,1,ankitetah3.com
109.26.254.68,109.26.254.97,109.26.0.0,30,sfr.net
113.252.205.189,113.252.205.189,113.252.0.0,1,189-205-252-113-on-nets.com
111.67.11.220,111.67.11.220,111.67.0.0,1,webhosting24.com.au
107.173.77.4,107.173.77.4,107.173.0.0,1,deployvm.net
108.42.145.1,108.42.145.1,108.42.0.0,1,verizon-gni.net
103.243.117.158,103.243.117.161,103.243.0.0,4,jobstym.com
107.167.89.168,107.167.89.190,107.167.0.0,23,securehostingsite.com
103.148.156.14,103.148.156.14,103.148.0.0,1,dev-portal.xyz
101.187.233.92,101.187.233.93,101.187.0.0,2,telstra.net
113.252.47.230,113.252.47.230,113.252.0.0,1,230-47-252-113-on-nets.com
1.33.176.25,1.33.176.25,1.33.0.0,1,advanpress.co.jp
1.202.250.90,1.202.250.90,1.202.0.0,1,dinghantech.com
107.152.168.163,107.152.168.163,107.152.0.0,1,servermania.com
104.238.170.13,104.238.170.20,104.238.0.0,8,vultrusercontent.com
109.130.64.24,109.130.64.34,109.130.0.0,11,belgacom.be
103.137.165.171,103.137.165.171,103.137.0.0,1,immenzaces.com
107.62.126.153,107.62.133.62,107.62.0.0,1702,spcsdns.net
113.252.33.163,113.252.33.163,113.252.0.0,1,163-33-252-113-on-nets.com
103.209.147.82,103.209.147.82,103.209.0.0,1,
109.237.218.119,109.237.218.119,109.237.0.0,1,vangoghhuis.com
108.55.15.1,108.55.15.1,108.55.0.0,1,verizon-gni.net
109.94.209.136,109.94.209.136,109.94.0.0,1,server-dns.name
103.234.156.0,103.234.156.10,103.234.0.0,11,microsenseindia.net
111.90.158.251,111.90.158.251,111.90.0.0,1,hicagof.club
110.142.164.202,110.142.164.202,110.142.0.0,1,telstra.net
107.1.215.49,107.1.215.49,107.1.0.0,1,comcast.net
108.171.245.156,108.171.245.156,108.171.0.0,1,premiumcbdoli.com
108.62.113.233,108.62.113.233,108.62.0.0,1,pingpipe.com
101.187.221.231,101.187.221.231,101.187.0.0,1,telstra.net
107.155.16.69,107.155.16.70,107.155.0.0,2,zenlayer.net
110.143.117.11,110.143.117.12,110.143.0.0,2,telstra.net
113.252.55.177,113.252.55.177,113.252.0.0,1,177-55-252-113-on-nets.com
107.173.140.13,107.173.140.23,107.173.0.0,11,colocrossing.com
104.144.174.214,104.144.174.214,104.144.0.0,1,stealth-magician.com
110.143.65.143,110.143.65.143,110.143.0.0,1,evolveclinic.com
104.39.118.60,104.39.118.60,104.39.0.0,1,psu.edu
100.41.221.146,100.41.224.3,100.41.0.0,626,verizon-gni.net
102.141.158.70,102.141.158.70,102.141.0.0,1,102-141-158-70.in-addr.arpa
102.141.136.46,102.141.136.46,102.141.0.0,1,102-141-136-46.in-addr.arpa
103.29.212.92,103.29.212.92,103.29.0.0,1,iskw.co.id
104.237.129.120,104.237.129.120,104.237.0.0,1,msprelay.com
1.33.179.169,1.33.179.169,1.33.0.0,1,akabane.co.jp
108.61.188.209,108.61.188.209,108.61.0.0,1,vultrusercontent.com
104.223.152.9,104.223.152.9,104.223.0.0,1,redskyname.net
104.39.252.212,104.39.252.213,104.39.0.0,2,psu.edu
103.101.224.153,103.101.224.153,103.101.0.0,1,matrixglobal.net.id
103.253.77.242,103.253.77.242,103.253.0.0,1,
113.252.43.245,113.252.43.245,113.252.0.0,1,245-43-252-113-on-nets.com
113.161.48.94,113.161.48.94,113.161.0.0,1,bmt-tech.vn
111.119.232.49,111.119.232.49,111.119.0.0,1,mid-sized.gen.in
109.236.93.36,109.236.93.36,109.236.0.0,1,visiongain-updates.com
108.17.46.2,108.17.46.254,108.17.0.0,253,verizon.net
108.161.135.76,108.161.135.76,108.161.0.0,1,eclipsefirst.com
109.131.10.79,109.131.10.198,109.131.0.0,120,belgacom.be
103.28.90.111,103.28.90.111,103.28.0.0,1,aydensell.my
113.252.59.166,113.252.59.166,113.252.0.0,1,166-59-252-113-on-nets.com
104.159.10.34,104.159.10.47,104.159.0.0,14,fanpie.net
103.174.97.2,103.174.97.2,103.174.0.0,1,quimadel.org.uk
110.143.114.156,110.143.114.156,110.143.0.0,1,telstra.net
113.252.95.7,113.252.95.7,113.252.0.0,1,7-95-252-113-on-nets.com
108.166.157.18,108.166.157.18,108.166.0.0,1,toolbros.com
109.231.162.185,109.231.162.186,109.231.0.0,2,techcomnet.cz
104.248.12.224,104.248.12.224,104.248.0.0,1,100westcondos.com
101.187.103.181,101.187.103.182,101.187.0.0,2,telstra.net
109.68.214.181,109.68.214.181,109.68.0.0,1,jkey-web.ru
104.236.28.94,104.236.28.94,104.236.0.0,1,possc.com.au
104.219.77.55,104.219.77.55,104.219.0.0,1,lpl.com
108.1.100.2,108.1.100.254,108.1.0.0,253,verizon.net
107.173.159.181,107.173.159.182,107.173.0.0,2,areacyan.com
108.163.201.24,108.163.201.31,108.163.0.0,8,singlehop.net
110.143.253.254,110.143.253.254,110.143.0.0,1,telstra.net
110.142.254.91,110.142.254.91,110.142.0.0,1,telstra.net
104.218.51.237,104.218.51.237,104.218.0.0,1,example.com
104.237.129.207,104.237.129.207,104.237.0.0,1,linodeusercontent.com
103.172.116.175,103.172.116.175,103.172.0.0,1,melbi.space
103.42.225.243,103.42.225.243,103.42.0.0,1,domainfx.com.au
110.143.42.215,110.143.42.215,110.143.0.0,1,telstra.net
100.33.117.1,100.33.117.1,100.33.0.0,1,verizon-gni.net
103.59.42.48,103.59.42.61,103.59.0.0,14,hybridcake.com
103.206.104.104,103.206.104.104,103.206.0.0,1,103-104.in-addr.arpa
113.252.196.12,113.252.196.12,113.252.0.0,1,12-196-252-113-on-nets.com
109.234.162.62,109.234.162.62,109.234.0.0,1,jabatus.com
113.252.116.83,113.252.116.83,113.252.0.0,1,83-116-252-113-on-nets.com
109.3.141.178,109.3.141.178,109.3.0.0,1,ville-carros.fr
103.151.202.0,103.151.202.7,103.151.0.0,8,bmsnetworksolutions.com.au
111.67.31.148,111.67.31.148,111.67.0.0,1,earthfrequency.com.au
101.187.136.214,101.187.136.214,101.187.0.0,1,telstra.net
103.187.93.188,103.187.93.201,103.187.0.0,14,chefloop.net
103.133.223.87,103.133.223.87,103.133.0.0,1,caknun.com
113.252.76.139,113.252.76.139,113.252.0.0,1,139-76-252-113-on-nets.com
109.205.60.56,109.205.60.56,109.205.0.0,1,bellejeunesse.fr
109.224.234.139,109.224.234.143,109.224.0.0,5,gradwell.net
108.11.199.2,108.11.199.254,108.11.0.0,253,verizon.net
108.26.206.2,108.26.206.254,108.26.0.0,253,verizon.net
113.252.17.181,113.252.17.181,113.252.0.0,1,181-17-252-113-on-nets.com
109.67.168.1,109.67.168.254,109.67.0.0,254,bezeqint.net
109.247.227.127,109.247.227.153,109.247.0.0,27,lyse.net
103.90.1.211,103.90.1.211,103.90.0.0,1,103-90-1-211-bau.edu.bd
113.252.251.188,113.252.251.188,113.252.0.0,1,188-251-252-113-on-nets.com
101.53.114.85,101.53.114.85,101.53.0.0,1,intec-sam.jp
103.211.239.214,103.211.239.217,103.211.0.0,4,decretation.ca
108.179.249.203,108.179.249.203,108.179.0.0,1,redstarhosts.com
103.15.226.14,103.15.226.14,103.15.0.0,1,cloudhost.asia
103.204.106.47,103.204.106.47,103.204.0.0,1,providencewealth.com.au
107.158.3.249,107.158.3.254,107.158.0.0,6,indreclinantk.com
105.28.118.158,105.28.118.158,105.28.0.0,1,tdpca.co.za
109.117.172.29,109.117.172.30,109.117.0.0,2,vodafone.it
103.129.220.217,103.129.220.218,103.129.0.0,2,cloudhost.asia
104.237.138.244,104.237.138.244,104.237.0.0,1,linode.com
113.11.25.19,113.11.25.19,113.11.0.0,1,113-11-25-19-smile.com.bd
103.47.210.146,103.47.210.146,103.47.0.0,1,tasexpe.me.uk
103.102.239.85,103.102.239.86,103.102.0.0,2,5ymail.net
102.218.100.93,102.218.100.93,102.218.0.0,1,114-tataidc.co.in
1.33.177.55,1.33.177.55,1.33.0.0,1,kimurasenshow.co.jp
110.142.106.25,110.142.106.27,110.142.0.0,3,telstra.net
104.237.143.246,104.237.143.246,104.237.0.0,1,epochwolf.com
101.187.111.110,101.187.111.110,101.187.0.0,1,telstra.net
109.168.255.62,109.168.255.68,109.168.0.0,7,stv.ru
104.129.10.61,104.129.10.61,104.129.0.0,1,quadranet.com
102.141.136.5,102.141.136.5,102.141.0.0,1,102-141-136-5.in-addr.arpa
113.146.129.17,113.146.129.27,113.146.0.0,11,newgenesis.jp
103.27.72.163,103.27.72.163,103.27.0.0,1,setulen.com
110.142.161.231,110.142.161.232,110.142.0.0,2,telstra.net
108.128.68.210,108.128.70.5,108.128.0.0,308,amazonaws.com
104.131.5.20,104.131.5.20,104.131.0.0,1,
104.130.162.153,104.130.162.153,104.130.0.0,1,iiws.net
109.235.50.34,109.235.50.38,109.235.0.0,5,plazaplan.com
109.200.208.228,109.200.208.254,109.200.0.0,27,i3d.net
104.131.99.33,104.131.99.33,104.131.0.0,1,advertserve.com
101.178.232.199,101.178.232.200,101.178.0.0,2,telstra.net
103.51.144.76,103.51.144.76,103.51.0.0,1,worra.com
103.7.43.114,103.7.43.125,103.7.0.0,12,superdata.vn
103.189.238.213,103.189.238.213,103.189.0.0,1,seratnews.ir
113.252.162.166,113.252.162.166,113.252.0.0,1,166-162-252-113-on-nets.com
109.105.195.100,109.105.195.137,109.105.0.0,38,roundrockmates.ws
107.0.124.25,107.0.124.26,107.0.0.0,2,meade100.com
101.187.75.86,101.187.75.88,101.187.0.0,3,telstra.net
