start_ip,end_ip,join_key,name,country,mcc,mnc
41.71.83.0,41.71.83.255,41.71.0.0,Telkom,ZA,655,2
5.115.241.0,5.115.241.255,5.115.0.0,Iran Cell Service and Communication Company,IR,432,35
2409:4042:2619::,2409:4042:261a:ffff:ffff:ffff:ffff:ffff,2409:4042::,Jio,IN,405,840
154.120.183.0,154.120.183.255,154.120.0.0,Orange,MG,646,2
213.31.132.0,213.31.132.255,213.31.0.0,BT,GB,234,76
2.27.125.0,2.27.126.255,2.27.0.0,EE,GB,235,1
2409:4065:19::,2409:4065:19:ffff:ffff:ffff:ffff:ffff,2409:4065::,Jio,IN,405,840
2001:268:e81a::,2001:268:e81a:ffff:ffff:ffff:ffff:ffff,2001:268:c000::,au,JP,440,50
129.45.14.0,129.45.16.255,129.45.0.0,Optimum-Telecom-Algeria,DZ,603,2
89.198.28.0,89.198.34.255,89.198.0.0,IR-TCI (Hamrah-e-Avval),IR,432,11
160.157.154.0,160.157.167.255,160.157.0.0,Orange,TN,605,1
2402:1980:82f0::,2402:1980:82f1:ffff:ffff:ffff:ffff:ffff,2402:1980:8000::,DiGi,MY,502,16
2a04:cec0:1018::,2a04:cec0:1018:ffff:ffff:ffff:ffff:ffff,2a04:cec0::,Bouygues Telecom,FR,208,20
5.214.97.0,5.214.97.255,5.214.0.0,Mobile Communication Company of Iran PLC,IR,432,11
2600:380:1990::,2600:380:1990:ffff:ffff:ffff:ffff:ffff,2600:380::,AT&T,US,310,16
2402:8100:3090::,2402:8100:3090:ffff:ffff:ffff:ffff:ffff,2402:8100::,Vodafone Idea,IN,404,1
91.103.104.0,91.103.105.255,91.103.0.0,Altel,KZ,401,7
2607:fb90:42ed::,2607:fb90:42ed:ffff:ffff:ffff:ffff:ffff,2607:fb90:4000::,T-Mobile,US,310,160
196.80.236.0,196.80.236.255,196.80.0.0,IAM,MA,604,1
182.249.214.0,182.249.214.255,182.249.0.0,au,JP,440,50
102.60.172.0,102.60.172.255,102.60.0.0,Etisalat,EG,602,3
152.207.240.0,152.207.247.255,152.207.0.0,CUBACEL,CU,368,1
176.203.67.0,176.203.67.255,176.203.0.0,Ooredoo,MM,414,5
2409:4064:38d::,2409:4064:38d:ffff:ffff:ffff:ffff:ffff,2409:4064::,Jio,IN,405,840
86.168.105.0,86.168.105.255,86.168.0.0,BT,GB,234,76
93.33.21.0,93.33.23.255,93.33.0.0,Fastweb,IT,222,8
2603:8081:1d40::,2603:8081:1d40:ffff:ffff:ffff:ffff:ffff,2603:8081::,Spectrum,US,312,500
146.199.95.0,146.199.95.255,146.199.0.0,Plusnet,GB,234,0
37.7.144.0,37.7.144.255,37.7.0.0,Plus,PL,260,1
203.124.28.0,203.124.31.255,203.124.0.0,Jazz,PK,410,7
160.170.78.0,160.170.78.255,160.170.0.0,IAM,MA,604,1
166.137.175.0,166.137.175.255,166.137.0.0,AT&T Wireless,US,310,32
87.49.144.0,87.49.159.255,87.49.0.0,TDC,DK,238,1
2a00:1fa2:84c4::,2a00:1fa2:84c4:ffff:ffff:ffff:ffff:ffff,2a00:1fa2:8000::,MTS PJSC,RU,251,1
2a00:1fa2:c2e4::,2a00:1fa2:c2e4:ffff:ffff:ffff:ffff:ffff,2a00:1fa2:c000::,MTS,RU,250,1
2607:fb90:e008::,2607:fb90:e00a:ffff:ffff:ffff:ffff:ffff,2607:fb90:c000::,T-Mobile,US,310,160
42.107.75.0,42.107.75.255,42.107.0.0,Vodafone India,IN,404,1
2409:4070:258e::,2409:4070:2590:ffff:ffff:ffff:ffff:ffff,2409:4070::,Jio,IN,405,840
2402:3a80:1123::,2402:3a80:1123:ffff:ffff:ffff:ffff:ffff,2402:3a80::,Vodafone India,IN,404,1
5.168.126.0,5.168.126.255,5.168.0.0,TIM,IT,222,1
2607:fb90:5cee::,2607:fb90:5cee:ffff:ffff:ffff:ffff:ffff,2607:fb90:4000::,T-Mobile,US,310,160
5.46.241.0,5.46.246.255,5.46.0.0,T端rk Telekom,TR,286,3
102.70.3.0,102.70.3.255,102.70.0.0,TNM,MW,650,1
2a01:73c0:920::,2a01:73c0:920:ffff:ffff:ffff:ffff:ffff,2a01:73c0::,HOT Mobile Ltd.,IL,425,7
196.237.206.0,196.237.207.255,196.237.0.0,Orange,TN,605,1
2a01:5ec0:2000::,2a01:5ec0:2005:ffff:ffff:ffff:ffff:ffff,2a01:5ec0::,MTN Irancell,IR,432,35
176.30.158.0,176.30.160.255,176.30.0.0,T端rk Telekom,TR,286,3
2804:14d:72a6::,2804:14d:72a6:ffff:ffff:ffff:ffff:ffff,2804:14d:4000::,Vivo,BR,724,6
49.15.234.0,49.15.234.255,49.15.0.0,IDEA,IN,404,4
2603:8080:dc40::,2603:8080:dc40:ffff:ffff:ffff:ffff:ffff,2603:8080:c000::,Spectrum,US,312,500
2601:589:4381::,2601:589:4381:ffff:ffff:ffff:ffff:ffff,2601:589:4000::,T-Mobile,US,310,53
37.185.180.0,37.185.191.255,37.185.0.0,Proximus,BE,206,1
2409:4060:2e0a::,2409:4060:2e1f:ffff:ffff:ffff:ffff:ffff,2409:4060::,Jio,IN,405,840
37.171.130.0,37.171.159.255,37.171.0.0,Free%20Mobile,FR,208,15
2a00:1fa1:15e::,2a00:1fa1:15e:ffff:ffff:ffff:ffff:ffff,2a00:1fa1::,MTS,RU,250,1
176.200.42.0,176.200.45.255,176.200.0.0,Telecom Italia Mobile,IT,220,1
188.64.206.0,188.64.207.255,188.64.0.0,Pelephone,IL,425,3
2401:4900:404a::,2401:4900:404a:ffff:ffff:ffff:ffff:ffff,2401:4900:4000::,Airtel,US,310,510
176.200.171.0,176.200.172.255,176.200.0.0,TIM,IT,222,1
174.204.152.0,174.204.191.255,174.204.0.0,Verizon,US,311,480
2a02:c7e:e0a::,2a02:c7e:e0a:ffff:ffff:ffff:ffff:ffff,2a02:c7e::,Sky Broadband,GB,234,57
2409:4010:2e90::,2409:4010:2e90:ffff:ffff:ffff:ffff:ffff,2409:4010::,Jio,IN,405,840
31.106.0.0,31.106.255.255,31.106.0.0,T-Mobile UK,GB,234,30
114.136.192.0,114.136.192.255,114.136.0.0,Chunghwa,TW,466,92
102.60.174.0,102.60.176.255,102.60.0.0,Etisalat,EG,602,3
2409:4070:60f::,2409:4070:60f:ffff:ffff:ffff:ffff:ffff,2409:4070::,Jio,IN,405,840
2607:fb90:e441::,2607:fb90:e441:ffff:ffff:ffff:ffff:ffff,2607:fb90:c000::,T-Mobile,US,310,53
176.17.170.0,176.17.175.255,176.17.0.0,Mobily,SA,420,3
86.144.84.0,86.144.84.255,86.144.0.0,BT,GB,234,76
46.69.105.0,46.69.105.255,46.69.0.0,EE,GB,235,1
78.95.252.0,78.95.253.255,78.95.0.0,SaudiNet,SA,420,1
176.238.68.0,176.238.68.255,176.238.0.0,Turkcell,TR,286,1
2a02:c7f:4833::,2a02:c7f:4833:ffff:ffff:ffff:ffff:ffff,2a02:c7f:4000::,Sky Broadband,GB,234,57
2803:ba80:10fb::,2803:ba80:10fb:ffff:ffff:ffff:ffff:ffff,2803:ba80::,Personal,AR,722,34
2409:4043:59a::,2409:4043:59a:ffff:ffff:ffff:ffff:ffff,2409:4043::,Jio,IN,405,840
105.9.19.0,105.9.19.255,105.9.0.0,Cell C,ZA,655,7
188.71.217.0,188.71.240.255,188.71.0.0,Ooredoo Kuwait,KW,419,3
196.187.56.0,196.187.56.255,196.187.0.0,Tunicell,TN,605,2
126.247.0.0,126.247.255.255,126.247.0.0,SoftBank,JP,440,20
177.37.184.0,177.37.184.255,177.37.0.0,TIM,BR,724,2
2603:6011:1300::,2603:6011:1300:ffff:ffff:ffff:ffff:ffff,2603:6011::,Spectrum,US,312,500
5.11.192.0,5.11.255.255,5.11.0.0,Turkcell,TR,286,1
196.94.200.0,196.94.200.255,196.94.0.0,Maroc Telecom,MA,604,1
2409:4002:2811::,2409:4002:2811:ffff:ffff:ffff:ffff:ffff,2409:4002::,Jio,IN,405,840
39.144.53.0,39.144.54.255,39.144.0.0,China Mobile,CN,460,2
2409:4073:282::,2409:4073:284:ffff:ffff:ffff:ffff:ffff,2409:4073::,Jio,IN,405,840
106.208.110.0,106.208.110.255,106.208.0.0,Airtel,US,310,510
1.55.108.0,1.55.109.255,1.55.0.0,Viettel Mobile,VN,452,4
176.225.202.0,176.225.203.255,176.225.0.0,Mobily,SA,420,3
2a00:23c6:310a::,2a00:23c6:310a:ffff:ffff:ffff:ffff:ffff,2a00:23c6::,BT,GB,234,76
47.12.162.0,47.12.162.255,47.12.0.0,Spectrum,US,312,500
2a02:c7f:6c83::,2a02:c7f:6c83:ffff:ffff:ffff:ffff:ffff,2a02:c7f:4000::,Sky Broadband,GB,234,57
154.184.174.0,154.184.174.255,154.184.0.0,Etisalat,EG,602,3
2405:204:a183::,2405:204:a183:ffff:ffff:ffff:ffff:ffff,2405:204:8000::,Jio,IN,405,840
2401:4900:3530::,2401:4900:353f:ffff:ffff:ffff:ffff:ffff,2401:4900::,AirTel,IN,404,2
2600:100e:be1a::,2600:100e:be1a:ffff:ffff:ffff:ffff:ffff,2600:100e:8000::,Verizon Wireless,US,310,4
174.212.171.0,174.212.171.255,174.212.0.0,Verizon,US,310,4
27.53.96.0,27.53.98.255,27.53.0.0,FarEasTone,TW,466,1
151.37.56.0,151.37.101.255,151.37.0.0,Wind,IT,222,88
86.185.141.0,86.185.141.255,86.185.0.0,BT,GB,234,76
2601:ce:4000::,2601:ce:4000:ffff:ffff:ffff:ffff:ffff,2601:ce:4000::,T-Mobile,US,310,160
45.214.73.0,45.214.73.255,45.214.0.0,Airtel,ZM,645,1
2409:4052:e00::,2409:4052:e10:ffff:ffff:ffff:ffff:ffff,2409:4052::,Jio,IN,405,840
154.151.178.0,154.151.178.255,154.151.0.0,INWI%20%28Telecommunications%29,MA,604,2
178.98.63.0,178.98.63.255,178.98.0.0,EE,GB,235,1
110.136.216.0,110.136.216.255,110.136.0.0,XL,ID,510,11
2409:4051:4e88::,2409:4051:4e88:ffff:ffff:ffff:ffff:ffff,2409:4051:4000::,Jio,IN,405,840
31.223.152.0,31.223.154.255,31.223.0.0,m:tel BiH,BA,218,5
5.155.118.0,5.155.119.255,5.155.0.0,Syriatel,SY,417,1
179.254.125.0,179.254.125.255,179.254.0.0,Brasil Telecom GSM,BR,724,16
117.236.240.0,117.236.255.255,117.236.0.0,cellone,IN,404,71
191.87.0.0,191.87.255.255,191.87.0.0,TIM,BR,724,3
2405:204:a684::,2405:204:a685:ffff:ffff:ffff:ffff:ffff,2405:204:8000::,Jio,IN,405,840
105.161.57.0,105.161.57.255,105.161.0.0,Safaricom,KE,639,2
82.130.193.0,82.130.193.255,82.130.0.0,Euskaltel S.A.,ES,214,8
2409:4063:400d::,2409:4063:400e:ffff:ffff:ffff:ffff:ffff,2409:4063:4000::,Jio,IN,405,840
2409:4010:2e02::,2409:4010:2e02:ffff:ffff:ffff:ffff:ffff,2409:4010::,Jio,IN,405,840
2409:4042:2515::,2409:4042:2515:ffff:ffff:ffff:ffff:ffff,2409:4042::,Jio,IN,405,840
91.110.69.0,91.110.69.255,91.110.0.0,EE,GB,235,1
2401:4900:1740::,2401:4900:1740:ffff:ffff:ffff:ffff:ffff,2401:4900::,Airtel,US,310,510
2405:204:a2::,2405:204:a2:ffff:ffff:ffff:ffff:ffff,2405:204::,Jio,IN,405,840
37.154.118.0,37.154.118.255,37.154.0.0,Turk Telekom,TR,286,3
37.172.65.0,37.172.65.255,37.172.0.0,Free,FR,208,15
2600:1700:dab::,2600:1700:dab:ffff:ffff:ffff:ffff:ffff,2600:1700::,T-Mobile,US,310,53
109.52.223.0,109.52.223.255,109.52.0.0,Telecom Italia Mobile,IT,220,1
2401:4900:336e::,2401:4900:336e:ffff:ffff:ffff:ffff:ffff,2401:4900::,Airtel,US,310,510
191.217.128.0,191.217.255.255,191.217.0.0,Brasil Telecom GSM,BR,724,16
90.228.227.0,90.228.227.255,90.228.0.0,Telia,DK,238,20
2409:4002:2e1f::,2409:4002:2e1f:ffff:ffff:ffff:ffff:ffff,2409:4002::,Jio,IN,405,840
31.148.159.0,31.148.159.255,31.148.0.0,MTN,SY,417,2
81.222.184.0,81.222.185.255,81.222.0.0,VimpelCom,RU,250,99
2a00:1fa1:84c1::,2a00:1fa1:84c1:ffff:ffff:ffff:ffff:ffff,2a00:1fa1:8000::,MTS,RU,250,1
2a00:23c7:ec85::,2a00:23c7:ec85:ffff:ffff:ffff:ffff:ffff,2a00:23c7:c000::,BT,GB,234,76
2401:7400:4000::,2401:7400:4001:ffff:ffff:ffff:ffff:ffff,2401:7400:4000::,M1,SG,525,3
174.233.32.0,174.233.33.255,174.233.0.0,Verizon,US,310,4
2409:4012:2e8d::,2409:4012:2e8d:ffff:ffff:ffff:ffff:ffff,2409:4012::,Jio,IN,405,840
2402:4000:2280::,2402:4000:2282:ffff:ffff:ffff:ffff:ffff,2402:4000::,Dialog,LK,413,2
2.25.166.0,2.25.166.255,2.25.0.0,EE,GB,235,1
105.160.24.0,105.160.25.255,105.160.0.0,Safaricom,KE,639,2
2601:41:c400::,2601:41:c400:ffff:ffff:ffff:ffff:ffff,2601:41:c000::,T-Mobile,US,310,53
2804:d51:4d36::,2804:d51:4d36:ffff:ffff:ffff:ffff:ffff,2804:d51:4000::,Oi,BR,724,30
2a02:587:213c::,2a02:587:213c:ffff:ffff:ffff:ffff:ffff,2a02:587::,Cosmote,GR,202,1
146.200.232.0,146.200.233.255,146.200.0.0,Plusnet,GB,234,0
91.133.155.0,91.133.155.255,91.133.0.0,Mobile Communication Company of Iran PLC,IR,432,11
223.225.88.0,223.225.88.255,223.225.0.0,IND airtel,IN,404,10
2a00:1fa1:306::,2a00:1fa1:307:ffff:ffff:ffff:ffff:ffff,2a00:1fa1::,MTS,RU,250,1
202.53.146.0,202.53.146.255,202.53.0.0,SEATEL,KH,456,11
106.193.159.0,106.193.160.255,106.193.0.0,Airtel,US,310,510
5.112.207.0,5.112.207.255,5.112.0.0,Iran Cell Service and Communication Company,IR,432,35
2409:4072:382::,2409:4072:386:ffff:ffff:ffff:ffff:ffff,2409:4072::,Jio,IN,405,840
2409:4062:110::,2409:4062:110:ffff:ffff:ffff:ffff:ffff,2409:4062::,Jio,IN,405,840
213.226.141.0,213.226.141.255,213.226.0.0,#ParMieru,LV,247,5
2607:fb90:46e0::,2607:fb90:46e0:ffff:ffff:ffff:ffff:ffff,2607:fb90:4000::,T-Mobile,US,310,160
223.188.166.0,223.188.168.255,223.188.0.0,AirTel,IN,404,2
2a00:23c4:5c96::,2a00:23c4:5c96:ffff:ffff:ffff:ffff:ffff,2a00:23c4:4000::,BT,GB,234,76
102.148.191.0,102.148.201.255,102.148.0.0,Airtel,ZM,645,1
89.148.243.0,89.148.243.255,89.148.0.0,MTS,RU,250,1
2600:380:1910::,2600:380:1914:ffff:ffff:ffff:ffff:ffff,2600:380::,AT&T,US,310,16
240a:4:48c8::,240a:4:48ca:ffff:ffff:ffff:ffff:ffff,240a:4:4000::,NTT docomo,JP,440,10
2001:ee0:4f0a::,2001:ee0:4f0a:ffff:ffff:ffff:ffff:ffff,2001:ee0:4000::,MobiFone,VN,452,1
41.77.91.0,41.77.91.255,41.77.0.0,Orange,BW,652,2
201.49.204.0,201.49.206.255,201.49.0.0,Vivo,BR,724,6
2001:56f:fd15::,2001:56f:fd16:ffff:ffff:ffff:ffff:ffff,2001:56f:c000::,Telus,CA,302,221
2401:4900:1f42::,2401:4900:1f42:ffff:ffff:ffff:ffff:ffff,2401:4900::,AirTel,IN,404,2
223.141.44.0,223.141.44.255,223.141.0.0,Chunghwa Telecom,TW,466,92
45.215.10.0,45.215.10.255,45.215.0.0,ZAMTEL,ZM,645,3
120.138.13.0,120.138.13.255,120.138.0.0,AirTel,IN,404,2
1.187.99.0,1.187.99.255,1.187.0.0,Idea Cellular,IN,404,4
133.106.193.0,133.106.199.255,133.106.0.0,Rakuten Mobile,JP,440,11
41.13.197.0,41.13.197.255,41.13.0.0,Vodacom,ZA,655,1
181.108.251.0,181.108.252.255,181.108.0.0,Personal,AR,722,34
198.23.104.0,198.23.104.255,198.23.0.0,T-Mobile,US,310,260
2.198.117.0,2.198.127.255,2.198.0.0,TIM,IT,222,1
176.12.184.0,176.12.186.255,176.12.0.0,Cellcom,IL,425,2
196.230.243.0,196.230.249.255,196.230.0.0,Orange,TN,605,1
2607:fc20:a8d1::,2607:fc20:a8d2:ffff:ffff:ffff:ffff:ffff,2607:fc20:8000::,T-Mobile,US,310,160
31.78.102.0,31.78.102.255,31.78.0.0,EE,GB,235,1
151.135.251.0,151.135.255.255,151.135.0.0,T端rk Telekom,TR,286,3
2804:4b0:310::,2804:4b0:310:ffff:ffff:ffff:ffff:ffff,2804:4b0::,Vivo,BR,724,6
5.124.219.0,5.124.224.255,5.124.0.0,MTN Irancell,IR,432,35
5.123.90.0,5.123.90.255,5.123.0.0,Iran Cell Service and Communication Company,IR,432,35
93.33.54.0,93.33.55.255,93.33.0.0,Fastweb,IT,222,8
102.155.24.0,102.155.24.255,102.155.0.0,Tunicell,TN,605,2
193.152.46.0,193.152.47.255,193.152.0.0,Movistar,ES,214,5
31.72.158.0,31.72.158.255,31.72.0.0,EE,GB,235,1
2409:4054:211d::,2409:4054:211d:ffff:ffff:ffff:ffff:ffff,2409:4054::,Jio,IN,405,840
84.64.224.0,84.64.226.255,84.64.0.0,Vodafone UK,GB,234,7
2607:fc20:432c::,2607:fc20:432c:ffff:ffff:ffff:ffff:ffff,2607:fc20:4000::,T-Mobile,US,310,160
160.166.133.0,160.166.148.255,160.166.0.0,IAM,MA,604,1
2401:4900:198b::,2401:4900:198b:ffff:ffff:ffff:ffff:ffff,2401:4900::,Airtel,US,310,510
2.143.16.0,2.143.31.255,2.143.0.0,Movistar,ES,214,7
2806:2f0:24a0::,2806:2f0:24a0:ffff:ffff:ffff:ffff:ffff,2806:2f0::,Telcel,MX,334,20
201.20.66.0,201.20.66.255,201.20.0.0,Oi,BR,724,30
45.109.93.0,45.109.93.255,45.109.0.0,Etisalat,EG,602,3
77.41.190.0,77.41.190.255,77.41.0.0,Beeline,RU,250,28
2c0f:fc89:a4::,2c0f:fc89:a4:ffff:ffff:ffff:ffff:ffff,2c0f:fc89::,Etisalat,EG,602,3
2400:e500:30::,2400:e500:30:ffff:ffff:ffff:ffff:ffff,2400:e500::,AWCC,AF,412,1
5.120.173.0,5.120.175.255,5.120.0.0,MTN Irancell,IR,432,35
5.123.151.0,5.123.151.255,5.123.0.0,Iran Cell Service and Communication Company,IR,432,35
186.185.195.0,186.185.195.255,186.185.0.0,Movistar,VE,734,4
160.165.116.0,160.165.117.255,160.165.0.0,IAM,MA,604,1
179.163.0.0,179.163.255.255,179.163.0.0,Vivo,BR,724,11
2a02:c7f:dcbe::,2a02:c7f:dcbe:ffff:ffff:ffff:ffff:ffff,2a02:c7f:c000::,Sky Broadband,GB,234,57
240a:6b:341::,240a:6b:341:ffff:ffff:ffff:ffff:ffff,240a:6b::,NTT Docomo,JP,440,10
106.207.155.0,106.207.155.255,106.207.0.0,Airtel,US,310,510
2600:380:9fc1::,2600:380:9fc1:ffff:ffff:ffff:ffff:ffff,2600:380:8000::,AT&T,US,310,16
2a01:cb09:d04b::,2a01:cb09:d04b:ffff:ffff:ffff:ffff:ffff,2a01:cb09:c000::,Orange,FR,208,1
46.99.68.0,46.99.71.255,46.99.0.0,Vala,XK,221,1
2409:4042:e18::,2409:4042:e1f:ffff:ffff:ffff:ffff:ffff,2409:4042::,Jio,IN,405,840
157.32.32.0,157.32.62.255,157.32.0.0,Jio,IN,405,840
200.106.42.0,200.106.42.255,200.106.0.0,Claro,PE,716,10
31.121.133.0,31.121.133.255,31.121.0.0,EE Mobile,GB,234,30
2a00:1fa2:8210::,2a00:1fa2:8210:ffff:ffff:ffff:ffff:ffff,2a00:1fa2:8000::,MTS,RU,250,1
2001:ee0:153::,2001:ee0:153:ffff:ffff:ffff:ffff:ffff,2001:ee0::,Vinaphone,VN,452,2
91.251.193.0,91.251.193.255,91.251.0.0,Mobile Communication Company of Iran,IR,432,11
85.74.205.0,85.74.205.255,85.74.0.0,Cosmote,GR,202,1
154.151.44.0,154.151.44.255,154.151.0.0,IAM,MA,604,1
2400:4051:5180::,2400:4051:5180:ffff:ffff:ffff:ffff:ffff,2400:4051:4000::,au,JP,440,50
42.76.184.0,42.76.189.255,42.76.0.0,Chunghwa,TW,466,92
41.12.133.0,41.12.133.255,41.12.0.0,Vodacom,ZA,655,1
109.141.0.0,109.141.255.255,109.141.0.0,Proximus,BE,206,1
106.204.1.0,106.204.4.255,106.204.0.0,AirTel,IN,404,2
5.115.93.0,5.115.93.255,5.115.0.0,Iran Cell Service and Communication Company,IR,432,35
5.213.7.0,5.213.7.255,5.213.0.0,Mobile Communication Company of Iran,IR,432,11
2001:8004:1976::,2001:8004:198f:ffff:ffff:ffff:ffff:ffff,2001:8004::,Telstra,AU,505,1
5.217.227.0,5.217.227.255,5.217.0.0,Mobile Communication Company of Iran PLC,IR,432,11
2a00:23c7:5b17::,2a00:23c7:5b17:ffff:ffff:ffff:ffff:ffff,2a00:23c7:4000::,BT,GB,234,76
36.16.0.0,36.16.255.255,36.16.0.0,China Telecom,CN,460,3
2401:4900:cf5::,2401:4900:cff:ffff:ffff:ffff:ffff:ffff,2401:4900::,AirTel,IN,404,2
84.71.42.0,84.71.45.255,84.71.0.0,Vodafone UK,GB,234,7
2409:4001:2e8f::,2409:4001:2e8f:ffff:ffff:ffff:ffff:ffff,2409:4001::,Jio,IN,405,840
2a00:1fa0:44eb::,2a00:1fa0:44eb:ffff:ffff:ffff:ffff:ffff,2a00:1fa0:4000::,MTS PJSC,RU,251,1
178.108.220.0,178.108.225.255,178.108.0.0,T-Mobile UK,GB,234,30
178.113.154.0,178.113.154.255,178.113.0.0,3 AT,AT,232,10
2401:4900:3672::,2401:4900:3672:ffff:ffff:ffff:ffff:ffff,2401:4900::,Airtel,US,310,510
83.122.52.0,83.122.52.255,83.122.0.0,Mobile Communication Company of Iran PLC,IR,432,11
2a01:cb00:8bc::,2a01:cb00:8bc:ffff:ffff:ffff:ffff:ffff,2a01:cb00::,Orange,FR,208,1
2a01:cb11:8059::,2a01:cb11:8059:ffff:ffff:ffff:ffff:ffff,2a01:cb11:8000::,Orange,FR,208,1
27.59.204.0,27.59.204.255,27.59.0.0,AirTel,IN,404,2
181.108.157.0,181.108.157.255,181.108.0.0,Personal,AR,722,34
95.148.45.0,95.148.45.255,95.148.0.0,EE,GB,235,1
5.209.51.0,5.209.51.255,5.209.0.0,IR-TCI (Hamrah-e-Avval),IR,432,11
2a00:20:2011::,2a00:20:2012:ffff:ffff:ffff:ffff:ffff,2a00:20::,Vodafone GmbH,ES,214,1
2001:16a2:c186::,2001:16a2:c186:ffff:ffff:ffff:ffff:ffff,2001:16a2:c000::,SaudiNet,SA,420,1
196.237.102.0,196.237.110.255,196.237.0.0,Orange,TN,605,1
2600:100d:1013::,2600:100d:1013:ffff:ffff:ffff:ffff:ffff,2600:100d::,Verizon,US,310,4
47.9.141.0,47.9.141.255,47.9.0.0,Jio 4G,IN,405,871
5.122.184.0,5.122.187.255,5.122.0.0,MTN Irancell,IR,432,35
117.96.184.0,117.96.184.255,117.96.0.0,AirTel,IN,404,2
5.168.194.0,5.168.200.255,5.168.0.0,Telecom Italia Mobile,IT,220,1
2804:2530:a00b::,2804:2530:a00b:ffff:ffff:ffff:ffff:ffff,2804:2530:8000::,Oi,BR,724,30
2a00:23c7:9b83::,2a00:23c7:9b83:ffff:ffff:ffff:ffff:ffff,2a00:23c7:8000::,BT,GB,234,76
107.117.178.0,107.117.178.255,107.117.0.0,AT&T Wireless,US,310,32
76.173.152.0,76.173.152.255,76.173.0.0,Spectrum,US,312,500
171.98.31.0,171.98.31.255,171.98.0.0,True Online,TH,520,4
81.151.137.0,81.151.137.255,81.151.0.0,BT,GB,234,76
27.97.232.0,27.97.232.255,27.97.0.0,IDEA,IN,404,4
124.122.229.0,124.122.229.255,124.122.0.0,True Internet,TH,520,4
31.76.79.0,31.76.79.255,31.76.0.0,EE,GB,235,1
2405:204:130f::,2405:204:130f:ffff:ffff:ffff:ffff:ffff,2405:204::,Jio,IN,405,840
2a00:1fa2:8481::,2a00:1fa2:8481:ffff:ffff:ffff:ffff:ffff,2a00:1fa2:8000::,MTS,RU,250,1
2001:268:e24a::,2001:268:e24b:ffff:ffff:ffff:ffff:ffff,2001:268:c000::,au,JP,440,50
160.77.219.0,160.77.221.255,160.77.0.0,IAM,MA,604,1
41.12.242.0,41.12.242.255,41.12.0.0,Vodacom,ZA,655,1
80.77.139.0,80.77.139.255,80.77.0.0,Vodafone,ES,214,1
79.131.83.0,79.131.83.255,79.131.0.0,OTEnet S.A.,GR,202,3
105.112.208.0,105.112.208.255,105.112.0.0,Airtel,NG,621,20
174.247.25.0,174.247.31.255,174.247.0.0,Verizon,US,310,4
31.75.50.0,31.75.50.255,31.75.0.0,EE,GB,235,1
190.151.172.0,190.151.172.255,190.151.0.0,Personal,AR,722,34
105.88.218.0,105.88.218.255,105.88.0.0,Etisalat,EG,602,3
2409:4071:2498::,2409:4071:2498:ffff:ffff:ffff:ffff:ffff,2409:4071::,Jio,IN,405,840
111.239.164.0,111.239.165.255,111.239.0.0,au,JP,440,50
2409:4070:448f::,2409:4070:448f:ffff:ffff:ffff:ffff:ffff,2409:4070:4000::,Jio,IN,405,840
2001:16a2:c1ac::,2001:16a2:c1ae:ffff:ffff:ffff:ffff:ffff,2001:16a2:c000::,SaudiNet,SA,420,1
2a00:1fa1:2e0::,2a00:1fa1:2e0:ffff:ffff:ffff:ffff:ffff,2a00:1fa1::,MTS,RU,250,1
91.251.170.0,91.251.173.255,91.251.0.0,IR-TCI (Hamrah-e-Avval),IR,432,11
2a00:23c4:d914::,2a00:23c4:d914:ffff:ffff:ffff:ffff:ffff,2a00:23c4:c000::,BT,GB,234,76
106.209.128.0,106.209.128.255,106.209.0.0,Airtel,US,310,510
90.249.239.0,90.249.239.255,90.249.0.0,Vodafone UK,GB,234,7
87.113.104.0,87.113.104.255,87.113.0.0,Plusnet,GB,234,0
62.78.179.0,62.78.179.255,62.78.0.0,DNA,FI,244,3
2804:389:7042::,2804:389:7042:ffff:ffff:ffff:ffff:ffff,2804:389:4000::,Claro,BR,724,5
5.120.24.0,5.120.24.255,5.120.0.0,MTN Irancell,IR,432,35
2409:4041:269f::,2409:4041:269f:ffff:ffff:ffff:ffff:ffff,2409:4041::,Jio,IN,405,840
2001:8f8:1423::,2001:8f8:1423:ffff:ffff:ffff:ffff:ffff,2001:8f8::,Etisalat,AE,424,2
154.110.192.0,154.110.255.255,154.110.0.0,OOREDOO TN,TN,605,3
223.139.50.0,223.139.50.255,223.139.0.0,Chunghwa Telecom,TW,466,92
2a02:c7f:3e4c::,2a02:c7f:3e4c:ffff:ffff:ffff:ffff:ffff,2a02:c7f::,Sky Broadband,GB,234,57
2409:4043:2b90::,2409:4043:2b9f:ffff:ffff:ffff:ffff:ffff,2409:4043::,Jio,IN,405,840
2409:4063:420a::,2409:4063:420a:ffff:ffff:ffff:ffff:ffff,2409:4063:4000::,Jio,IN,405,840
2404:c0:2d10::,2404:c0:2d10:ffff:ffff:ffff:ffff:ffff,2404:c0::,Telkomsel,ID,510,10
2605:8d80:49::,2605:8d80:4a:ffff:ffff:ffff:ffff:ffff,2605:8d80::,Rogers Wireless,CA,302,320
105.88.31.0,105.88.31.255,105.88.0.0,Etisalat,EG,602,3
157.47.31.0,157.47.42.255,157.47.0.0,Jio,IN,405,840
2600:1700:21f0::,2600:1700:21f0:ffff:ffff:ffff:ffff:ffff,2600:1700::,T-Mobile,US,310,53
37.231.147.0,37.231.147.255,37.231.0.0,STC,KW,419,4
99.203.0.0,99.203.1.255,99.203.0.0,T-Mobile,US,310,120
114.7.23.0,114.7.23.255,114.7.0.0,INDOSAT Internet Network Provider,ID,510,1
196.93.144.0,196.93.144.255,196.93.0.0,IAM,MA,604,1
151.18.124.0,151.18.222.255,151.18.0.0,Wind,IT,222,88
95.184.79.0,95.184.79.255,95.184.0.0,SaudiNet,SA,420,1
2607:fb90:92c6::,2607:fb90:92c6:ffff:ffff:ffff:ffff:ffff,2607:fb90:8000::,T-Mobile,US,310,160
47.31.137.0,47.31.137.255,47.31.0.0,Jio,IN,405,840
191.95.131.0,191.95.131.255,191.95.0.0,Claro,CO,732,101
37.37.150.0,37.37.150.255,37.37.0.0,Mobile Telecommunications Company,KW,419,3
196.67.253.0,196.67.255.255,196.67.0.0,IAM,MA,604,1
102.57.188.0,102.57.190.255,102.57.0.0,Etisalat,EG,602,3
2a00:23c6:629b::,2a00:23c6:629b:ffff:ffff:ffff:ffff:ffff,2a00:23c6:4000::,BT,GB,234,76
188.162.0.0,188.162.1.255,188.162.0.0,Yota,RU,250,11
2607:fb90:7ceb::,2607:fb90:7cec:ffff:ffff:ffff:ffff:ffff,2607:fb90:4000::,T-Mobile,US,310,53
223.140.124.0,223.140.125.255,223.140.0.0,Chunghwa,TW,466,92
42.73.5.0,42.73.8.255,42.73.0.0,Chunghwa,TW,466,92
168.227.16.0,168.227.19.255,168.227.0.0,Claro,BR,724,5
2806:2f0:9460::,2806:2f0:9461:ffff:ffff:ffff:ffff:ffff,2806:2f0:8000::,Movistar,MX,334,30
2409:4032:6d11::,2409:4032:6d15:ffff:ffff:ffff:ffff:ffff,2409:4032:4000::,Jio,IN,405,840
2607:fb90:2440::,2607:fb90:2440:ffff:ffff:ffff:ffff:ffff,2607:fb90::,T-Mobile,US,310,160
86.128.235.0,86.128.235.255,86.128.0.0,BT,GB,234,76
106.198.84.0,106.198.84.255,106.198.0.0,AirTel,IN,404,2
2409:4043:2389::,2409:4043:2389:ffff:ffff:ffff:ffff:ffff,2409:4043::,Jio,IN,405,840
2409:4021:2c9f::,2409:4021:2c9f:ffff:ffff:ffff:ffff:ffff,2409:4021::,Jio,IN,405,840
45.213.178.0,45.213.180.255,45.213.0.0,Airtel,ZM,645,1
2001:268:e20a::,2001:268:e20a:ffff:ffff:ffff:ffff:ffff,2001:268:c000::,au,JP,440,50
2001:44c8:4411::,2001:44c8:4411:ffff:ffff:ffff:ffff:ffff,2001:44c8:4000::,AIS,TH,520,1
223.186.72.0,223.186.72.255,223.186.0.0,AirTel,IN,404,2
178.176.73.0,178.176.73.255,178.176.0.0,MegaFon,RU,250,2
2409:4002:4e1c::,2409:4002:4e1e:ffff:ffff:ffff:ffff:ffff,2409:4002:4000::,Jio,IN,405,840
2600:1001:1100::,2600:1001:1103:ffff:ffff:ffff:ffff:ffff,2600:1001::,Verizon,US,310,4
31.78.150.0,31.78.151.255,31.78.0.0,T-Mobile UK,GB,234,30
2804:431:f730::,2804:431:f731:ffff:ffff:ffff:ffff:ffff,2804:431:c000::,Vivo,BR,724,6
154.190.35.0,154.190.35.255,154.190.0.0,Etisalat,EG,602,3
105.139.0.0,105.139.13.255,105.139.0.0,IAM,MA,604,1
2a00:1fa1:42b1::,2a00:1fa1:42b2:ffff:ffff:ffff:ffff:ffff,2a00:1fa1:4000::,MTS,RU,250,1
176.140.50.0,176.140.50.255,176.140.0.0,Bouygues Telecom,FR,208,20
2607:fb90:c228::,2607:fb90:c228:ffff:ffff:ffff:ffff:ffff,2607:fb90:c000::,Boost Mobile,US,311,870
5.210.9.0,5.210.9.255,5.210.0.0,Mobile Communication Company of Iran PLC,IR,432,11
2804:29b8:509f::,2804:29b8:509f:ffff:ffff:ffff:ffff:ffff,2804:29b8:4000::,Oi,BR,724,30
192.198.224.0,192.198.239.255,192.198.0.0,ClearTalk,US,311,750
196.236.191.0,196.236.191.255,196.236.0.0,OOREDOO%20TN,TN,605,3
105.129.26.0,105.129.26.255,105.129.0.0,IAM,MA,604,1
126.166.229.0,126.166.231.255,126.166.0.0,SoftBank,JP,441,1
36.252.231.0,36.252.231.255,36.252.0.0,Ncell,NP,429,2
37.173.107.0,37.173.107.255,37.173.0.0,Free,FR,208,15
110.26.232.0,110.26.255.255,110.26.0.0,FarEasTone,TW,466,1
112.134.186.0,112.134.186.255,112.134.0.0,Dialog,LK,413,2
2401:4900:1a84::,2401:4900:1a85:ffff:ffff:ffff:ffff:ffff,2401:4900::,Airtel,US,310,510
2a02:c7f:da6f::,2a02:c7f:da6f:ffff:ffff:ffff:ffff:ffff,2a02:c7f:c000::,Sky Broadband,GB,234,57
2a00:1fa1:c23c::,2a00:1fa1:c23c:ffff:ffff:ffff:ffff:ffff,2a00:1fa1:c000::,MTS PJSC,RU,251,1
2600:380:944f::,2600:380:944f:ffff:ffff:ffff:ffff:ffff,2600:380:8000::,AT&T,US,310,16
41.6.208.0,41.6.217.255,41.6.0.0,Vodacom,ZA,655,1
41.13.119.0,41.13.119.255,41.13.0.0,Vodacom,ZA,655,1
2a02:c7f:8e86::,2a02:c7f:8e86:ffff:ffff:ffff:ffff:ffff,2a02:c7f:8000::,Sky Broadband,GB,234,57
86.138.60.0,86.138.61.255,86.138.0.0,BT,GB,234,76
81.157.129.0,81.157.129.255,81.157.0.0,BT,GB,234,76
113.210.48.0,113.210.48.255,113.210.0.0,MY MAXIS,MY,502,12
2001:268:c012::,2001:268:c012:ffff:ffff:ffff:ffff:ffff,2001:268:c000::,au,JP,440,50
24.237.159.0,24.237.159.255,24.237.0.0,GCI Wireless,US,311,370
187.124.0.0,187.124.255.255,187.124.0.0,Oi,BR,724,31
2402:8100:3987::,2402:8100:3987:ffff:ffff:ffff:ffff:ffff,2402:8100::,IDEA,IN,404,4
5.213.180.0,5.213.180.255,5.213.0.0,Mobile Communication Company of Iran PLC,IR,432,11
2607:fb90:7cfe::,2607:fb90:7cff:ffff:ffff:ffff:ffff:ffff,2607:fb90:4000::,T-Mobile,US,310,160
223.188.20.0,223.188.21.255,223.188.0.0,AirTel,IN,404,2
2402:7500:a44::,2402:7500:a44:ffff:ffff:ffff:ffff:ffff,2402:7500::,Taiwan Mobile,TW,466,97
2401:4900:349a::,2401:4900:349e:ffff:ffff:ffff:ffff:ffff,2401:4900::,AirTel,IN,404,2
156.182.247.0,156.182.250.255,156.182.0.0,Etisalat,EG,602,3
2a00:1fa0:4870::,2a00:1fa0:4870:ffff:ffff:ffff:ffff:ffff,2a00:1fa0:4000::,MTS PJSC,RU,251,1
174.192.206.0,174.192.206.255,174.192.0.0,Verizon,US,310,4
2401:4900:4156::,2401:4900:4156:ffff:ffff:ffff:ffff:ffff,2401:4900:4000::,AirTel,IN,404,2
41.13.255.0,41.13.255.255,41.13.0.0,Vodacom,ZA,655,1
160.166.150.0,160.166.156.255,160.166.0.0,IAM,MA,604,1
37.172.0.0,37.172.7.255,37.172.0.0,Free%20Mobile,FR,208,15
2409:4072:484::,2409:4072:485:ffff:ffff:ffff:ffff:ffff,2409:4072::,Jio,IN,405,840
86.187.229.0,86.187.229.255,86.187.0.0,BT,GB,234,76
37.172.82.0,37.172.82.255,37.172.0.0,Free,FR,208,15
114.137.46.0,114.137.46.255,114.137.0.0,Chunghwa Telecom,TW,466,92
5.216.123.0,5.216.123.255,5.216.0.0,Mobile Communication Company of Iran PLC,IR,432,11
181.94.224.0,181.94.227.255,181.94.0.0,Personal,PY,744,5
2402:3a80:1d98::,2402:3a80:1d98:ffff:ffff:ffff:ffff:ffff,2402:3a80::,Vodafone India,IN,404,1
160.172.184.0,160.172.186.255,160.172.0.0,IAM,MA,604,1
2804:14c:60::,2804:14c:60:ffff:ffff:ffff:ffff:ffff,2804:14c::,Vivo,BR,724,6
81.211.236.0,81.211.236.255,81.211.0.0,Tele2 SWIPnet,SE,240,7
2607:fb90:20::,2607:fb90:20:ffff:ffff:ffff:ffff:ffff,2607:fb90::,T-Mobile,US,310,53
115.164.96.0,115.164.167.255,115.164.0.0,DiGi,MY,502,16
176.17.81.0,176.17.81.255,176.17.0.0,Mobily,SA,420,3
5.0.238.0,5.0.241.255,5.0.0.0,Syriatel,SY,417,1
151.34.172.0,151.34.188.255,151.34.0.0,Wind,IT,222,88
91.125.50.0,91.125.50.255,91.125.0.0,Plusnet,GB,234,0
2409:4050:2e1a::,2409:4050:2e1f:ffff:ffff:ffff:ffff:ffff,2409:4050::,Jio,IN,405,840
240a:6b:751::,240a:6b:751:ffff:ffff:ffff:ffff:ffff,240a:6b::,NTT Docomo,JP,440,10
37.48.33.0,37.48.40.255,37.48.0.0,T-Mobile,CZ,230,1
110.225.71.0,110.225.73.255,110.225.0.0,AirTel,IN,404,2
95.186.34.0,95.186.36.255,95.186.0.0,SaudiNet,SA,420,1
174.199.106.0,174.199.130.255,174.199.0.0,Verizon,US,311,480
45.234.214.0,45.234.214.255,45.234.0.0,Vivo,BR,724,6
2a00:1fa0:469b::,2a00:1fa0:46a3:ffff:ffff:ffff:ffff:ffff,2a00:1fa0:4000::,MTS,RU,250,1
173.215.106.0,173.215.109.255,173.215.0.0,iWireless,US,310,770
2a02:c7f:b074::,2a02:c7f:b074:ffff:ffff:ffff:ffff:ffff,2a02:c7f:8000::,Sky Broadband,GB,234,57
5.106.212.0,5.106.212.255,5.106.0.0,Mobile Communication Company of Iran PLC,IR,432,11
2a02:8440:321a::,2a02:8440:321d:ffff:ffff:ffff:ffff:ffff,2a02:8440::,SFR,FR,208,8
213.24.132.0,213.24.132.255,213.24.0.0,Tele2,RU,250,20
118.71.160.0,118.71.168.255,118.71.0.0,Viettel Mobile,VN,452,4
143.159.195.0,143.159.195.255,143.159.0.0,Plusnet,GB,234,0
5.116.247.0,5.116.247.255,5.116.0.0,Iran Cell Service and Communication Company,IR,432,35
2001:8f8:1623::,2001:8f8:1623:ffff:ffff:ffff:ffff:ffff,2001:8f8::,du,AE,424,3
115.133.122.0,115.133.122.255,115.133.0.0,DiGi,MY,502,16
2a02:c7f:de3c::,2a02:c7f:de3c:ffff:ffff:ffff:ffff:ffff,2a02:c7f:c000::,Sky Broadband,GB,234,57
2a00:1fa1:c459::,2a00:1fa1:c45b:ffff:ffff:ffff:ffff:ffff,2a00:1fa1:c000::,MTS,RU,250,1
151.135.42.0,151.135.43.255,151.135.0.0,Turk Telekom,TR,286,3
156.178.245.0,156.178.246.255,156.178.0.0,Etisalat,EG,602,3
2400:e500:13::,2400:e500:13:ffff:ffff:ffff:ffff:ffff,2400:e500::,AWCC,AF,412,1
106.208.7.0,106.208.7.255,106.208.0.0,AirTel,IN,404,2
223.182.186.0,223.182.187.255,223.182.0.0,AirTel,IN,404,2
2001:b400:e270::,2001:b400:e270:ffff:ffff:ffff:ffff:ffff,2001:b400:c000::,Chunghwa Telecom,TW,466,92
156.187.119.0,156.187.120.255,156.187.0.0,Etisalat,EG,602,3
133.106.141.0,133.106.141.255,133.106.0.0,Rakuten Mobile,JP,440,11
106.215.140.0,106.215.141.255,106.215.0.0,Airtel,US,310,510
181.64.241.0,181.64.241.255,181.64.0.0,Claro,PE,716,10
2a02:8440:441a::,2a02:8440:441a:ffff:ffff:ffff:ffff:ffff,2a02:8440:4000::,SFR,FR,208,8
89.199.67.0,89.199.67.255,89.199.0.0,Mobile Communication Company of Iran PLC,IR,432,11
161.138.0.0,161.138.63.255,161.138.0.0,Viva,BO,736,1
2409:4065:492::,2409:4065:492:ffff:ffff:ffff:ffff:ffff,2409:4065::,Jio,IN,405,840
181.9.120.0,181.9.140.255,181.9.0.0,Personal,AR,722,34
2409:4064:a1b::,2409:4064:a1b:ffff:ffff:ffff:ffff:ffff,2409:4064::,Jio,IN,405,840
205.253.157.0,205.253.157.255,205.253.0.0,Jio,IN,405,840
27.61.111.0,27.61.118.255,27.61.0.0,AirTel,IN,404,2
2400:2410:aa22::,2400:2410:aa22:ffff:ffff:ffff:ffff:ffff,2400:2410:8000::,Rakuten Mobile,JP,440,11
5.121.66.0,5.121.70.255,5.121.0.0,MTN Irancell,IR,432,35
175.157.0.0,175.157.89.255,175.157.0.0,Dialog,LK,413,2
2402:8100:eb0::,2402:8100:eb0:ffff:ffff:ffff:ffff:ffff,2402:8100::,Vodafone India,IN,404,1
5.125.254.0,5.125.255.255,5.125.0.0,MTN Irancell,IR,432,35
2607:fb90:7c85::,2607:fb90:7c85:ffff:ffff:ffff:ffff:ffff,2607:fb90:4000::,T-Mobile,US,310,160
2804:d84:21a7::,2804:d84:21a7:ffff:ffff:ffff:ffff:ffff,2804:d84::,Vivo,BR,724,6
2800:810:543::,2800:810:543:ffff:ffff:ffff:ffff:ffff,2800:810::,Movistar,AR,722,10
2.87.170.0,2.87.170.255,2.87.0.0,Cosmote,GR,202,1
2401:4900:1d07::,2401:4900:1d07:ffff:ffff:ffff:ffff:ffff,2401:4900::,Bharti Airtel,IN,470,7
2a02:c7f:a0dd::,2a02:c7f:a0dd:ffff:ffff:ffff:ffff:ffff,2a02:c7f:8000::,Sky Broadband,GB,234,57
178.107.93.0,178.107.93.255,178.107.0.0,EE,GB,235,1
120.188.0.0,120.188.0.255,120.188.0.0,Indosat Ooredoo,ID,510,1
109.143.160.0,109.143.255.255,109.143.0.0,Proximus,BE,206,1
49.98.39.0,49.98.40.255,49.98.0.0,NTT DOCOMO,JP,440,10
195.114.145.0,195.114.147.255,195.114.0.0,Kyivstar,UA,255,2
174.198.32.0,174.198.63.255,174.198.0.0,Verizon,US,311,480
31.61.224.0,31.61.224.255,31.61.0.0,Telia N,NO,242,2
2.48.145.0,2.48.145.255,2.48.0.0,Emirates Telecommunications Corporation,AE,424,2
110.70.26.0,110.70.27.255,110.70.0.0,Korea Telecom,KR,450,5
2409:4062:2185::,2409:4062:2186:ffff:ffff:ffff:ffff:ffff,2409:4062::,Jio,IN,405,840
46.51.15.0,46.51.15.255,46.51.0.0,IR-TCI (Hamrah-e-Avval),IR,432,11
5.214.35.0,5.214.42.255,5.214.0.0,IR-TCI (Hamrah-e-Avval),IR,432,11
154.185.63.0,154.185.63.255,154.185.0.0,Vodafone,EG,602,2
176.16.50.0,176.16.52.255,176.16.0.0,Mobily,SA,420,3
156.178.230.0,156.178.231.255,156.178.0.0,Etisalat,EG,602,3
94.187.0.0,94.187.0.255,94.187.0.0,Touch,LB,415,3
86.173.217.0,86.173.217.255,86.173.0.0,BT,GB,234,76
5.218.128.0,5.218.128.255,5.218.0.0,IR-TCI (Hamrah-e-Avval),IR,432,11
5.90.176.0,5.90.177.255,5.90.0.0,Vodafone,IT,222,10
222.164.178.0,222.164.178.255,222.164.0.0,StarHub,SG,525,5
2607:fb90:12c7::,2607:fb90:12ca:ffff:ffff:ffff:ffff:ffff,2607:fb90::,T-Mobile,US,310,53
2607:fb90:6e3f::,2607:fb90:6e3f:ffff:ffff:ffff:ffff:ffff,2607:fb90:4000::,T-Mobile,US,310,160
2409:4065:92::,2409:4065:92:ffff:ffff:ffff:ffff:ffff,2409:4065::,Jio,IN,405,840
5.115.253.0,5.115.253.255,5.115.0.0,Iran Cell Service and Communication Company,IR,432,35
2401:4900:46a4::,2401:4900:46a4:ffff:ffff:ffff:ffff:ffff,2401:4900:4000::,AirTel,IN,404,2
89.198.123.0,89.198.123.255,89.198.0.0,Mobile Communication Company of Iran PLC,IR,432,11
2401:4900:4922::,2401:4900:4924:ffff:ffff:ffff:ffff:ffff,2401:4900:4000::,AirTel,IN,404,2
177.225.147.0,177.225.156.255,177.225.0.0,Telcel,MX,334,20
2600:380:a0fc::,2600:380:a0fc:ffff:ffff:ffff:ffff:ffff,2600:380:8000::,AT&T,US,310,16
71.88.78.0,71.88.78.255,71.88.0.0,Spectrum,US,312,500
2607:fb90:528a::,2607:fb90:528c:ffff:ffff:ffff:ffff:ffff,2607:fb90:4000::,T-Mobile,US,310,53
171.255.162.0,171.255.163.255,171.255.0.0,Viettel Group,VN,452,4
126.158.210.0,126.158.210.255,126.158.0.0,SoftBank Mobile Corp,JP,441,1
2405:205:ca68::,2405:205:ca68:ffff:ffff:ffff:ffff:ffff,2405:205:c000::,Jio,IN,405,840
86.55.220.0,86.55.220.255,86.55.0.0,IR-TCI (Hamrah-e-Avval),IR,432,11
2800:4b0:4435::,2800:4b0:4436:ffff:ffff:ffff:ffff:ffff,2800:4b0:4000::,Claro,PE,716,10
126.166.156.0,126.166.159.255,126.166.0.0,SoftBank,JP,441,1
2a00:1fa1:86e1::,2a00:1fa1:86e2:ffff:ffff:ffff:ffff:ffff,2a00:1fa1:8000::,MTS,RU,250,1
41.114.10.0,41.114.23.255,41.114.0.0,MTN SA,AF,412,40
2607:fb90:6883::,2607:fb90:6883:ffff:ffff:ffff:ffff:ffff,2607:fb90:4000::,T-Mobile,US,310,160
196.91.166.0,196.91.168.255,196.91.0.0,IAM,MA,604,1
178.102.85.0,178.102.91.255,178.102.0.0,T-Mobile UK,GB,234,30
79.129.161.0,79.129.161.255,79.129.0.0,Cosmote,GR,202,1
191.156.224.0,191.156.254.255,191.156.0.0,Claro,CO,732,101
89.198.219.0,89.198.219.255,89.198.0.0,Mobile Communication Company of Iran PLC,IR,432,11
2a01:cb06:9044::,2a01:cb06:9044:ffff:ffff:ffff:ffff:ffff,2a01:cb06:8000::,Orange,FR,208,1
119.2.125.0,119.2.125.255,119.2.0.0,B-Mobile,BT,402,11
2a00:23c5:6f8e::,2a00:23c5:6f8e:ffff:ffff:ffff:ffff:ffff,2a00:23c5:4000::,BT,GB,234,76
2600:380:9445::,2600:380:9447:ffff:ffff:ffff:ffff:ffff,2600:380:8000::,AT&T,US,310,16
181.16.122.0,181.16.124.255,181.16.0.0,Movistar,AR,722,10
106.204.133.0,106.204.133.255,106.204.0.0,Airtel,US,310,510
176.201.176.0,176.201.177.255,176.201.0.0,Telecom Italia Mobile,IT,220,1
91.133.129.0,91.133.129.255,91.133.0.0,Mobile Communication Company of Iran PLC,IR,432,11
156.179.6.0,156.179.7.255,156.179.0.0,Etisalat,EG,602,3
176.224.84.0,176.224.84.255,176.224.0.0,Mobily,SA,420,3
93.168.198.0,93.168.198.255,93.168.0.0,Al Jawal (STC ),SA,420,1
106.192.170.0,106.192.172.255,106.192.0.0,AirTel,IN,404,2
197.171.0.0,197.171.172.255,197.171.0.0,Cell C,ZA,655,7
160.165.60.0,160.165.60.255,160.165.0.0,IAM,MA,604,1
126.236.181.0,126.236.181.255,126.236.0.0,SoftBank Mobile Corp,JP,441,1
102.149.194.0,102.149.197.255,102.149.0.0,Airtel,ZM,645,1
223.176.117.0,223.176.119.255,223.176.0.0,AirTel,IN,404,2
213.229.198.0,213.229.200.255,213.229.0.0,Mobitel,SI,293,41
2401:4900:330b::,2401:4900:330b:ffff:ffff:ffff:ffff:ffff,2401:4900::,Bharti Airtel,IN,470,7
37.150.0.0,37.150.3.255,37.150.0.0,Beeline,KZ,401,1
31.74.7.0,31.74.8.255,31.74.0.0,EE Mobile,GB,234,30
2804:14d:7e81::,2804:14d:7e81:ffff:ffff:ffff:ffff:ffff,2804:14d:4000::,TIM,BR,724,2
102.151.176.0,102.151.179.255,102.151.0.0,Airtel,ZM,645,1
84.67.127.0,84.67.127.255,84.67.0.0,Vodafone Limited,GB,234,15
109.42.4.0,109.42.111.255,109.42.0.0,Vodafone,DE,262,2
2603:6080:3601::,2603:6080:3601:ffff:ffff:ffff:ffff:ffff,2603:6080::,Metro,US,311,660
188.66.180.0,188.66.191.255,188.66.0.0,ooredoo,OM,422,3
41.81.30.0,41.81.31.255,41.81.0.0,Safaricom,KE,639,2
95.186.107.0,95.186.107.255,95.186.0.0,SaudiNet,SA,420,1
2804:3660:618::,2804:3660:618:ffff:ffff:ffff:ffff:ffff,2804:3660::,Claro,BR,724,5
191.9.0.0,191.9.255.255,191.9.0.0,Vivo,BR,724,11
51.9.191.0,51.9.191.255,51.9.0.0,Plusnet,GB,234,0
2401:4900:5170::,2401:4900:5170:ffff:ffff:ffff:ffff:ffff,2401:4900:4000::,AirTel,IN,404,2
156.190.13.0,156.190.13.255,156.190.0.0,Etisalat,EG,602,3
2a01:cb01:3008::,2a01:cb01:3008:ffff:ffff:ffff:ffff:ffff,2a01:cb01::,Orange,FR,208,1
37.111.216.0,37.111.219.255,37.111.0.0,GrameenPhone,BD,470,1
188.238.231.0,188.238.249.255,188.238.0.0,Telia,FI,244,91
154.149.15.0,154.149.16.255,154.149.0.0,IAM,MA,604,1
5.244.123.0,5.244.127.255,5.244.0.0,Mobily,SA,420,3
183.82.152.0,183.82.155.255,183.82.0.0,AirTel,IN,404,2
196.91.42.0,196.91.42.255,196.91.0.0,IAM,MA,604,1
200.88.192.0,200.88.255.255,200.88.0.0,Claro,DO,370,2
2001:44c8:4c90::,2001:44c8:4c9d:ffff:ffff:ffff:ffff:ffff,2001:44c8:4000::,AIS,TH,520,1
2a00:1fa2:478::,2a00:1fa2:488:ffff:ffff:ffff:ffff:ffff,2a00:1fa2::,MTS,RU,250,1
223.184.172.0,223.184.172.255,223.184.0.0,Airtel,US,310,510
2607:fb90:aadb::,2607:fb90:aadb:ffff:ffff:ffff:ffff:ffff,2607:fb90:8000::,T-Mobile,US,310,160
2409:4066:10c::,2409:4066:10e:ffff:ffff:ffff:ffff:ffff,2409:4066::,Jio,IN,405,840
2a00:23c6:880b::,2a00:23c6:880b:ffff:ffff:ffff:ffff:ffff,2a00:23c6:8000::,BT,GB,234,76
95.99.0.0,95.99.255.255,95.99.0.0,T-Mobile (BEN),NL,204,16
179.175.221.0,179.175.221.255,179.175.0.0,Vivo,BR,724,6
81.211.230.0,81.211.231.255,81.211.0.0,Tele2 SWIPnet,SE,240,7
46.221.64.0,46.221.111.255,46.221.0.0,Vodafone,TR,286,2
85.73.217.0,85.73.217.255,85.73.0.0,Cosmote,GR,202,1
2409:4054:4::,2409:4054:4:ffff:ffff:ffff:ffff:ffff,2409:4054::,Jio,IN,405,840
172.56.18.0,172.56.19.255,172.56.0.0,T-Mobile,US,310,260
125.235.186.0,125.235.187.255,125.235.0.0,Viettel Mobile,VN,452,4
2001:268:c008::,2001:268:c008:ffff:ffff:ffff:ffff:ffff,2001:268:c000::,au,JP,440,50
160.164.143.0,160.164.144.255,160.164.0.0,IAM,MA,604,1
5.113.241.0,5.113.242.255,5.113.0.0,MTN Irancell,IR,432,35
176.62.80.0,176.62.80.255,176.62.0.0,Tele2,RU,250,20
2600:1700:c6c0::,2600:1700:c6c0:ffff:ffff:ffff:ffff:ffff,2600:1700:c000::,T-Mobile,US,310,53
101.223.160.0,101.223.191.255,101.223.0.0,AIRCEL,IN,405,801
177.51.68.0,177.51.68.255,177.51.0.0,TIM,BR,724,4
191.126.64.0,191.126.98.255,191.126.0.0,movistar,CL,730,2
176.17.69.0,176.17.70.255,176.17.0.0,Mobily,SA,420,3
5.218.192.0,5.218.192.255,5.218.0.0,Mobile Communication Company of Iran PLC,IR,432,11
2401:4900:3a6e::,2401:4900:3a72:ffff:ffff:ffff:ffff:ffff,2401:4900::,AirTel,IN,404,2
37.36.138.0,37.36.142.255,37.36.0.0,zain KW,KW,419,2
105.112.166.0,105.112.166.255,105.112.0.0,Airtel,NG,621,20
106.193.210.0,106.193.211.255,106.193.0.0,AirTel,IN,404,2
196.33.241.0,196.33.241.255,196.33.0.0,MTN,ZA,655,10
106.207.56.0,106.207.57.255,106.207.0.0,Airtel,US,310,510
106.76.212.0,106.76.213.255,106.76.0.0,IDEA,IN,404,4
179.173.98.0,179.173.255.255,179.173.0.0,Vivo,BR,724,10
2a01:4c8:1466::,2a01:4c8:146c:ffff:ffff:ffff:ffff:ffff,2a01:4c8::,EE,GB,235,1
47.9.117.0,47.9.117.255,47.9.0.0,Jio,IN,405,840
126.194.123.0,126.194.123.255,126.194.0.0,SoftBank,JP,441,1
5.208.19.0,5.208.20.255,5.208.0.0,Mobile Communication Company of Iran PLC,IR,432,11
5.191.44.0,5.191.44.255,5.191.0.0,AZERCELL,AZ,400,1
2a00:23c2:9b81::,2a00:23c2:9b81:ffff:ffff:ffff:ffff:ffff,2a00:23c2:8000::,BT,GB,234,76
109.59.140.0,109.59.140.255,109.59.0.0,Hi3G Access AB,DK,238,6
102.48.255.0,102.48.255.255,102.48.0.0,IAM,MA,604,1
196.224.174.0,196.224.174.255,196.224.0.0,OOREDOO%20TN,TN,605,3
197.130.88.0,197.130.88.255,197.130.0.0,IAM,MA,604,1
156.174.17.0,156.174.17.255,156.174.0.0,Etisalat,EG,602,3
191.163.192.0,191.163.223.255,191.163.0.0,TIM,BR,724,2
154.150.58.0,154.150.58.255,154.150.0.0,IAM,MA,604,1
154.232.119.0,154.232.119.255,154.232.0.0,MTN,CI,612,5
27.246.0.0,27.246.255.255,27.246.0.0,FarEasTone,TW,466,1
2607:fea8:10e0::,2607:fea8:10e0:ffff:ffff:ffff:ffff:ffff,2607:fea8::,Rogers Wireless,CA,302,320
41.42.185.0,41.42.185.255,41.42.0.0,TE Data,EG,602,4
174.215.21.0,174.215.25.255,174.215.0.0,Verizon,US,310,4
2402:7500:477::,2402:7500:47a:ffff:ffff:ffff:ffff:ffff,2402:7500::,Taiwan Mobile,TW,466,97
31.80.79.0,31.80.125.255,31.80.0.0,T-Mobile UK,GB,234,30
31.218.19.0,31.218.19.255,31.218.0.0,Etisalat,AF,412,50
5.121.34.0,5.121.35.255,5.121.0.0,MTN Irancell,IR,432,35
5.215.49.0,5.215.49.255,5.215.0.0,Mobile Communication Company of Iran PLC,IR,432,11
2001:44c8:4110::,2001:44c8:4121:ffff:ffff:ffff:ffff:ffff,2001:44c8:4000::,AIS,TH,520,1
174.212.225.0,174.212.226.255,174.212.0.0,Verizon,US,311,480
83.123.255.0,83.123.255.255,83.123.0.0,IR-TCI (Hamrah-e-Avval),IR,432,11
42.106.178.0,42.106.183.255,42.106.0.0,Vodafone India,IN,404,20
5.112.18.0,5.112.19.255,5.112.0.0,Iran Cell Service and Communication Company,IR,432,35
196.232.252.0,196.232.254.255,196.232.0.0,Orange,TN,605,1
2600:1014:d124::,2600:1014:d124:ffff:ffff:ffff:ffff:ffff,2600:1014:c000::,Verizon Wireless,US,310,4
5.215.68.0,5.215.69.255,5.215.0.0,Mobile Communication Company of Iran PLC,IR,432,11
2402:3a80:11bb::,2402:3a80:11bb:ffff:ffff:ffff:ffff:ffff,2402:3a80::,Vodafone India,IN,404,1
174.194.151.0,174.194.165.255,174.194.0.0,Verizon Wireless,US,310,4
2001:b07:646a::,2001:b07:646c:ffff:ffff:ffff:ffff:ffff,2001:b07:4000::,Fastweb,IT,222,8
118.71.137.0,118.71.137.255,118.71.0.0,Viettel Mobile,VN,452,4
2409:4051:11d::,2409:4051:11d:ffff:ffff:ffff:ffff:ffff,2409:4051::,Jio,IN,405,840
2600:1700:26b0::,2600:1700:26b0:ffff:ffff:ffff:ffff:ffff,2600:1700::,T-Mobile,US,310,53
5.82.29.0,5.82.44.255,5.82.0.0,Mobily,SA,420,3
81.156.117.0,81.156.117.255,81.156.0.0,BT,GB,234,76
93.36.116.0,93.36.118.255,93.36.0.0,Fastweb,IT,222,8
2600:8800:7c80::,2600:8800:7c80:ffff:ffff:ffff:ffff:ffff,2600:8800:4000::,T-Mobile,US,310,53
203.78.114.0,203.78.114.255,203.78.0.0,XL Axiata,ID,510,11
105.88.205.0,105.88.205.255,105.88.0.0,Etisalat,EG,602,3
197.130.203.0,197.130.203.255,197.130.0.0,INWI%20%28Telecommunications%29,MA,604,2
78.173.34.0,78.173.34.255,78.173.0.0,Turkcell,TR,286,1
5.173.200.0,5.173.202.255,5.173.0.0,Play,PL,260,6
190.55.150.0,190.55.150.255,190.55.0.0,Claro,AR,722,310
196.175.251.0,196.175.251.255,196.175.0.0,zain,IQ,418,20
106.77.95.0,106.77.95.255,106.77.0.0,Idea Cellular,IN,404,4
2001:8004:1500::,2001:8004:1500:ffff:ffff:ffff:ffff:ffff,2001:8004::,Telstra,AU,505,1
217.213.147.0,217.213.147.255,217.213.0.0,Telia,SE,240,1
195.238.116.0,195.238.116.255,195.238.0.0,Kyivstar,UA,255,2
2401:4900:4251::,2401:4900:4252:ffff:ffff:ffff:ffff:ffff,2401:4900:4000::,AirTel,IN,404,2
5.209.114.0,5.209.114.255,5.209.0.0,Mobile Communication Company of Iran PLC,IR,432,11
95.187.66.0,95.187.66.255,95.187.0.0,SaudiNet,SA,420,1
187.81.0.0,187.81.127.255,187.81.0.0,TIM,BR,724,3
24.114.66.0,24.114.66.255,24.114.0.0,Rogers Wireless,CA,302,720
188.197.228.0,188.197.230.255,188.197.0.0,"Telekom Slovenije, d.d.",SI,293,41
160.157.0.0,160.157.9.255,160.157.0.0,Orange,TN,605,1
191.106.128.0,191.106.132.255,191.106.0.0,Movistar,CO,732,1
197.20.106.0,197.20.116.255,197.20.0.0,OOREDOO%20TN,TN,605,3
5.113.157.0,5.113.157.255,5.113.0.0,MTN Irancell,IR,432,35
5.213.233.0,5.213.233.255,5.213.0.0,Mobile Communication Company of Iran PLC,IR,432,11
5.127.232.0,5.127.233.255,5.127.0.0,Iran Cell Service and Communication Company,IR,432,35
2600:1700:a9a0::,2600:1700:a9a0:ffff:ffff:ffff:ffff:ffff,2600:1700:8000::,T-Mobile,US,310,53
2.55.148.0,2.55.149.255,2.55.0.0,Orange Israel,IL,425,1
179.121.0.0,179.121.255.255,179.121.0.0,TIM,BR,724,3
86.160.157.0,86.160.157.255,86.160.0.0,BT,GB,234,76
2a00:1fa1:c48e::,2a00:1fa1:c48e:ffff:ffff:ffff:ffff:ffff,2a00:1fa1:c000::,MTS,RU,250,1
2001:d08:d6::,2001:d08:d6:ffff:ffff:ffff:ffff:ffff,2001:d08::,DiGi,MY,502,16
2401:4900:3155::,2401:4900:3155:ffff:ffff:ffff:ffff:ffff,2401:4900::,AirTel,IN,404,2
106.207.43.0,106.207.44.255,106.207.0.0,AirTel,IN,404,2
176.169.225.0,176.169.225.255,176.169.0.0,Bouygues Telecom,FR,208,20
177.245.200.0,177.245.203.255,177.245.0.0,Telcel,MX,334,20
106.220.192.0,106.220.192.255,106.220.0.0,AirTel,IN,404,2
95.185.161.0,95.185.161.255,95.185.0.0,SaudiNet,SA,420,1
156.190.87.0,156.190.87.255,156.190.0.0,Etisalat,EG,602,3
160.164.63.0,160.164.67.255,160.164.0.0,IAM,MA,604,1
95.125.165.0,95.125.168.255,95.125.0.0,Movistar,ES,214,7
109.47.0.0,109.47.255.255,109.47.0.0,Vodafone,DE,262,2
2.53.78.0,2.53.87.255,2.53.0.0,Partner,IL,425,1
2804:d59:aa73::,2804:d59:aa73:ffff:ffff:ffff:ffff:ffff,2804:d59:8000::,TIM,BR,724,2
223.189.38.0,223.189.38.255,223.189.0.0,Airtel,US,310,510
2409:4072:6298::,2409:4072:6298:ffff:ffff:ffff:ffff:ffff,2409:4072:4000::,Jio,IN,405,840
2607:fb90:2593::,2607:fb90:2594:ffff:ffff:ffff:ffff:ffff,2607:fb90::,T-Mobile,US,310,53
179.29.16.0,179.29.19.255,179.29.0.0,Antel,UY,748,1
106.131.35.0,106.131.35.255,106.131.0.0,KDDI Corporation,JP,440,50
126.157.237.0,126.157.237.255,126.157.0.0,SoftBank,JP,440,20
5.22.82.0,5.22.82.255,5.22.0.0,Mobile Communication Company of Iran PLC,IR,432,11
2607:fb90:62dd::,2607:fb90:62dd:ffff:ffff:ffff:ffff:ffff,2607:fb90:4000::,T-Mobile,US,310,160
37.252.180.0,37.252.183.255,37.252.0.0,Vodafone,ES,214,6
91.110.199.0,91.110.199.255,91.110.0.0,EE Mobile,GB,234,30
2a00:1fa1:825a::,2a00:1fa1:825a:ffff:ffff:ffff:ffff:ffff,2a00:1fa1:8000::,MTS,RU,250,1
2607:fb90:602b::,2607:fb90:602b:ffff:ffff:ffff:ffff:ffff,2607:fb90:4000::,T-Mobile,US,310,160
5.29.22.0,5.29.22.255,5.29.0.0,Pelephone,IL,425,3
190.148.87.0,190.148.87.255,190.148.0.0,Claro,GT,704,1
197.8.121.0,197.8.174.255,197.8.0.0,Tunicell,TN,605,2
2601:2c7:4380::,2601:2c7:4380:ffff:ffff:ffff:ffff:ffff,2601:2c7:4000::,T-Mobile,US,310,53
2405:3800:905::,2405:3800:905:ffff:ffff:ffff:ffff:ffff,2405:3800::,U Mobile,MY,502,18
2a02:aa7:4000::,2a02:aa7:400f:ffff:ffff:ffff:ffff:ffff,2a02:aa7:4000::,Hi3G Access AB,DK,238,6
176.161.235.0,176.161.238.255,176.161.0.0,Bouygues,FR,208,20
5.124.34.0,5.124.34.255,5.124.0.0,Iran Cell Service and Communication Company,IR,432,35
197.213.94.0,197.213.97.255,197.213.0.0,Airtel,ZM,645,1
41.114.241.0,41.114.242.255,41.114.0.0,MTN,ZA,655,10
2409:4055:683::,2409:4055:683:ffff:ffff:ffff:ffff:ffff,2409:4055::,Jio,IN,405,840
176.167.159.0,176.167.159.255,176.167.0.0,Bouygues Telecom,FR,208,20
2804:7f5:7184::,2804:7f5:7184:ffff:ffff:ffff:ffff:ffff,2804:7f5:4000::,Vivo,BR,724,6
49.34.125.0,49.34.125.255,49.34.0.0,Jio,IN,405,840
99.203.86.0,99.203.87.255,99.203.0.0,T-Mobile,US,310,120
177.63.105.0,177.63.191.255,177.63.0.0,Vivo,BR,724,11
188.38.104.0,188.38.104.255,188.38.0.0,Vodafone,TR,286,2
90.167.31.0,90.167.31.255,90.167.0.0,Orange,ES,214,3
77.205.52.0,77.205.53.255,77.205.0.0,SFR,FR,208,8
174.215.218.0,174.215.242.255,174.215.0.0,Verizon,US,311,480
2405:3800:80f::,2405:3800:810:ffff:ffff:ffff:ffff:ffff,2405:3800::,U Mobile,MY,502,18
174.227.161.0,174.227.161.255,174.227.0.0,Verizon Wireless,US,310,4
191.175.0.0,191.175.255.255,191.175.0.0,TIM,BR,724,4
2001:268:e206::,2001:268:e206:ffff:ffff:ffff:ffff:ffff,2001:268:c000::,au,JP,440,50
240e:46d:34d0::,240e:46d:34d0:ffff:ffff:ffff:ffff:ffff,240e:46d::,China Telecom,MO,455,2
223.188.170.0,223.188.170.255,223.188.0.0,AirTel,IN,404,2
197.195.214.0,197.195.216.255,197.195.0.0,Etisalat,EG,602,3
109.56.42.0,109.56.42.255,109.56.0.0,Hi3G Access AB,DK,238,6
86.133.167.0,86.133.167.255,86.133.0.0,BT,GB,234,76
160.164.215.0,160.164.239.255,160.164.0.0,IAM,MA,604,1
217.77.165.0,217.77.165.255,217.77.0.0,Vodafone,CZ,230,3
37.217.149.0,37.217.149.255,37.217.0.0,Mobily,SA,420,3
113.211.96.0,113.211.107.255,113.211.0.0,Maxis,MY,502,12
2806:103e:13::,2806:103e:15:ffff:ffff:ffff:ffff:ffff,2806:103e::,Telcel,MX,334,20
27.78.4.0,27.78.4.255,27.78.0.0,Viettel Group,VN,452,4
117.230.15.0,117.230.15.255,117.230.0.0,cellone,IN,404,72
5.242.0.0,5.242.255.255,5.242.0.0,Tele2,SE,240,7
160.105.155.0,160.105.159.255,160.105.0.0,IAM,MA,604,1
240a:18:4808::,240a:18:480a:ffff:ffff:ffff:ffff:ffff,240a:18:4000::,NTT docomo,JP,440,10
2405:204:5::,2405:204:5:ffff:ffff:ffff:ffff:ffff,2405:204::,Jio,IN,405,840
2804:d41:a3ca::,2804:d41:a3ca:ffff:ffff:ffff:ffff:ffff,2804:d41:8000::,Claro,BR,724,5
177.228.170.0,177.228.170.255,177.228.0.0,Telcel,MX,334,20
152.32.112.0,152.32.112.255,152.32.0.0,SMART,PH,515,3
196.233.88.0,196.233.111.255,196.233.0.0,Orange,TN,605,1
2804:214:8210::,2804:214:821f:ffff:ffff:ffff:ffff:ffff,2804:214:8000::,TIM,BR,724,2
109.181.63.0,109.181.63.255,109.181.0.0,EE Mobile,GB,234,30
190.58.17.0,190.58.17.255,190.58.0.0,bmobile,TT,374,12
102.51.8.0,102.51.16.255,102.51.0.0,IAM,MA,604,1
240b:c020:480::,240b:c020:480:ffff:ffff:ffff:ffff:ffff,240b:c020::,NTT docomo,JP,440,10
81.153.235.0,81.153.235.255,81.153.0.0,BT,GB,234,76
175.176.78.0,175.176.78.255,175.176.0.0,Sun Cellular,PH,515,5
86.146.178.0,86.146.178.255,86.146.0.0,BT,GB,234,76
27.3.254.0,27.3.254.255,27.3.0.0,MobiFone,VN,452,1
5.176.194.0,5.176.198.255,5.176.0.0,T端rk Telekom,TR,286,3
2607:fb90:4082::,2607:fb90:4082:ffff:ffff:ffff:ffff:ffff,2607:fb90:4000::,T-Mobile,US,310,53
2a02:8440:3115::,2a02:8440:3115:ffff:ffff:ffff:ffff:ffff,2a02:8440::,SFR,FR,208,8
86.161.78.0,86.161.78.255,86.161.0.0,BT,GB,234,76
49.32.239.0,49.32.239.255,49.32.0.0,Jio,IN,405,840
184.22.64.0,184.22.67.255,184.22.0.0,AIS,TH,520,1
2409:4064:2494::,2409:4064:2494:ffff:ffff:ffff:ffff:ffff,2409:4064::,Jio,IN,405,840
2409:4053:2d80::,2409:4053:2d94:ffff:ffff:ffff:ffff:ffff,2409:4053::,Jio,IN,405,840
240f:6d:a6da::,240f:6d:a6da:ffff:ffff:ffff:ffff:ffff,240f:6d:8000::,NTT docomo,JP,440,10
2a00:20:6009::,2a00:20:600b:ffff:ffff:ffff:ffff:ffff,2a00:20:4000::,Vodafone GmbH,ES,214,1
37.30.100.0,37.30.100.255,37.30.0.0,T-Mobile,PL,260,2
2.53.0.0,2.53.0.255,2.53.0.0,Partner,IL,425,1
223.184.191.0,223.184.194.255,223.184.0.0,AirTel,IN,404,2
185.206.200.0,185.206.200.255,185.206.0.0,Touch,LB,415,3
2001:b011:5c00::,2001:b011:5c00:ffff:ffff:ffff:ffff:ffff,2001:b011:4000::,T Star,TW,466,89
2a00:801:44b::,2a00:801:44b:ffff:ffff:ffff:ffff:ffff,2a00:801::,TELE2,SE,240,7
77.67.174.0,77.67.224.255,77.67.0.0,Turkcell,TR,286,1
45.183.217.0,45.183.217.255,45.183.0.0,Vivo,BR,724,6
2600:1012:b000::,2600:1012:b02f:ffff:ffff:ffff:ffff:ffff,2600:1012:8000::,Verizon Wireless,US,310,4
223.136.135.0,223.136.145.255,223.136.0.0,Chunghwa,TW,466,92
196.185.185.0,196.185.196.255,196.185.0.0,Tunicell,TN,605,2
2a00:1fa1:c465::,2a00:1fa1:c469:ffff:ffff:ffff:ffff:ffff,2a00:1fa1:c000::,MTS,RU,250,1
2607:fc20:e848::,2607:fc20:e849:ffff:ffff:ffff:ffff:ffff,2607:fc20:c000::,T-Mobile,US,310,160
2607:fc20:f043::,2607:fc20:f043:ffff:ffff:ffff:ffff:ffff,2607:fc20:c000::,T-Mobile,US,310,160
5.112.76.0,5.112.76.255,5.112.0.0,Iran Cell Service and Communication Company,IR,432,35
2a00:1fa0:84b5::,2a00:1fa0:84b6:ffff:ffff:ffff:ffff:ffff,2a00:1fa0:8000::,MTS,RU,250,1
2.31.180.0,2.31.180.255,2.31.0.0,EE High Speed Internet,GB,234,30
146.251.60.0,146.251.62.255,146.251.0.0,Mobily,SA,420,3
157.32.118.0,157.32.118.255,157.32.0.0,JIO 4G,IN,405,857
37.185.64.0,37.185.134.255,37.185.0.0,Proximus,BE,206,1
31.4.193.0,31.4.196.255,31.4.0.0,Vodafone,ES,214,1
5.126.252.0,5.126.252.255,5.126.0.0,Iran Cell Service and Communication Company,IR,432,35
102.62.224.0,102.62.228.255,102.62.0.0,Etisalat,EG,602,3
105.247.87.0,105.247.87.255,105.247.0.0,Vodacom,CD,630,1
2603:8081:1100::,2603:8081:1100:ffff:ffff:ffff:ffff:ffff,2603:8081::,Spectrum,US,312,500
177.196.124.0,177.196.255.255,177.196.0.0,Vivo,BR,724,6
88.153.101.0,88.153.101.255,88.153.0.0,Vodafone Germany,DE,262,2
160.166.0.0,160.166.131.255,160.166.0.0,IAM,MA,604,1
49.32.252.0,49.32.255.255,49.32.0.0,Jio,IN,405,840
2a01:cb1e:57::,2a01:cb1e:57:ffff:ffff:ffff:ffff:ffff,2a01:cb1e::,Orange,FR,208,1
174.242.37.0,174.242.37.255,174.242.0.0,Verizon,US,310,4
5.169.126.0,5.169.126.255,5.169.0.0,Telecom Italia Mobile,IT,220,1
2001:8f8:1f10::,2001:8f8:1f10:ffff:ffff:ffff:ffff:ffff,2001:8f8::,Etisalat,AF,412,50
5.123.57.0,5.123.57.255,5.123.0.0,Iran Cell Service and Communication Company,IR,432,35
196.67.60.0,196.67.61.255,196.67.0.0,IAM,MA,604,1
120.188.70.0,120.188.71.255,120.188.0.0,Indosat Ooredoo,ID,510,1
5.244.221.0,5.244.224.255,5.244.0.0,Mobily,SA,420,3
177.77.10.0,177.77.10.255,177.77.0.0,Vivo,BR,724,6
51.39.231.0,51.39.231.255,51.39.0.0,Zain SA,SA,420,4
27.66.49.0,27.66.49.255,27.66.0.0,Viettel Group,VN,452,4
105.89.215.0,105.89.215.255,105.89.0.0,Etisalat,EG,602,3
178.98.89.0,178.98.116.255,178.98.0.0,T-Mobile UK,GB,234,30
181.109.120.0,181.109.120.255,181.109.0.0,Personal,AR,722,34
106.129.66.0,106.129.68.255,106.129.0.0,au,JP,440,50
106.77.90.0,106.77.90.255,106.77.0.0,Vodafone India,IN,404,1
5.113.155.0,5.113.156.255,5.113.0.0,Iran Cell Service and Communication Company,IR,432,35
2001:ee0:49a2::,2001:ee0:49a2:ffff:ffff:ffff:ffff:ffff,2001:ee0:4000::,Vietnamobile,VN,452,5
2804:fe4:fd34::,2804:fe4:fd34:ffff:ffff:ffff:ffff:ffff,2804:fe4:c000::,Vivo,BR,724,6
176.203.181.0,176.203.181.255,176.203.0.0,Ooredoo,MM,414,5
185.43.229.0,185.43.229.255,185.43.0.0,Vodafone,TR,286,2
106.223.57.0,106.223.59.255,106.223.0.0,AirTel,IN,404,2
204.18.2.0,204.18.2.255,204.18.0.0,Mobile Communication Company of Iran PLC,IR,432,11
2601:448:8301::,2601:448:8301:ffff:ffff:ffff:ffff:ffff,2601:448:8000::,T-Mobile,US,310,53
41.210.159.0,41.210.159.255,41.210.0.0,MTN,UG,641,10
2806:10ae:e::,2806:10ae:e:ffff:ffff:ffff:ffff:ffff,2806:10ae::,Telmex,MX,334,20
106.130.152.0,106.130.153.255,106.130.0.0,KDDI Corporation,JP,440,50
154.148.144.0,154.148.144.255,154.148.0.0,IAM,MA,604,1
46.99.106.0,46.99.106.255,46.99.0.0,IPKO,XK,221,2
37.38.145.0,37.38.145.255,37.38.0.0,zain%20KW,KW,419,2
27.61.215.0,27.61.215.255,27.61.0.0,Bharti Airtel,IN,470,7
2a02:c7f:f47a::,2a02:c7f:f47a:ffff:ffff:ffff:ffff:ffff,2a02:c7f:c000::,Sky Broadband,GB,234,57
2804:7f7:a584::,2804:7f7:a585:ffff:ffff:ffff:ffff:ffff,2804:7f7:8000::,Oi,BR,724,30
2601:cd:c400::,2601:cd:c400:ffff:ffff:ffff:ffff:ffff,2601:cd:c000::,T-Mobile,US,310,53
160.77.122.0,160.77.122.255,160.77.0.0,INWI%20%28Telecommunications%29,MA,604,2
24.150.207.0,24.150.207.255,24.150.0.0,Cogeco Cable,CA,302,150
197.121.16.0,197.121.47.255,197.121.0.0,Etisalat,EG,602,3
102.60.97.0,102.60.98.255,102.60.0.0,Etisalat,EG,602,3
2a02:c7f:9205::,2a02:c7f:9205:ffff:ffff:ffff:ffff:ffff,2a02:c7f:8000::,Sky Broadband,GB,234,57
240e:474:ff86::,240e:474:ff86:ffff:ffff:ffff:ffff:ffff,240e:474:c000::,China Telecom,MO,455,2
196.95.61.0,196.95.61.255,196.95.0.0,IAM,MA,604,1
86.137.82.0,86.137.82.255,86.137.0.0,BT,GB,234,76
212.154.0.0,212.154.0.255,212.154.0.0,T端rk Telekom,TR,286,3
197.6.110.0,197.6.164.255,197.6.0.0,Tunicell,TN,605,2
117.246.206.0,117.246.206.255,117.246.0.0,BSNL,IN,404,34
5.127.116.0,5.127.116.255,5.127.0.0,Iran Cell Service and Communication Company,IR,432,35
154.149.44.0,154.149.44.255,154.149.0.0,IAM,MA,604,1
200.121.203.0,200.121.203.255,200.121.0.0,Claro,PE,716,10
157.32.127.0,157.32.127.255,157.32.0.0,JIO 4G,IN,405,857
91.125.188.0,91.125.188.255,91.125.0.0,Plusnet,GB,234,0
146.251.165.0,146.251.165.255,146.251.0.0,Mobily,SA,420,3
105.89.184.0,105.89.187.255,105.89.0.0,Etisalat,EG,602,3
2600:380:b1fd::,2600:380:b1fd:ffff:ffff:ffff:ffff:ffff,2600:380:8000::,AT&T,US,310,16
2607:fb90:d625::,2607:fb90:d628:ffff:ffff:ffff:ffff:ffff,2607:fb90:c000::,T-Mobile,US,310,160
5.208.183.0,5.208.183.255,5.208.0.0,Mobile Communication Company of Iran PLC,IR,432,11
2405:204:2285::,2405:204:2286:ffff:ffff:ffff:ffff:ffff,2405:204::,Jio,IN,405,840
2409:4052:603::,2409:4052:603:ffff:ffff:ffff:ffff:ffff,2409:4052::,Jio,IN,405,840
122.130.144.0,122.130.145.255,122.130.0.0,NTT docomo,JP,440,10
196.84.109.0,196.84.109.255,196.84.0.0,IAM,MA,604,1
5.116.159.0,5.116.159.255,5.116.0.0,Iran Cell Service and Communication Company,IR,432,35
5.215.90.0,5.215.91.255,5.215.0.0,IR-TCI (Hamrah-e-Avval),IR,432,11
2402:1980:8246::,2402:1980:8246:ffff:ffff:ffff:ffff:ffff,2402:1980:8000::,Digi,MY,502,16
2401:4900:39b0::,2401:4900:39b0:ffff:ffff:ffff:ffff:ffff,2401:4900::,cellone,IN,404,34
2607:fb90:6fa0::,2607:fb90:6fa0:ffff:ffff:ffff:ffff:ffff,2607:fb90:4000::,T-Mobile,US,310,160
2a02:21b0:644c::,2a02:21b0:644d:ffff:ffff:ffff:ffff:ffff,2a02:21b0:4000::,Swisscom,CH,228,1
177.116.0.0,177.116.12.255,177.116.0.0,Vivo,BR,724,11
93.50.104.0,93.50.104.255,93.50.0.0,Fastweb,IT,222,8
2402:8100:2843::,2402:8100:2843:ffff:ffff:ffff:ffff:ffff,2402:8100::,IDEA,IN,404,4
45.213.169.0,45.213.169.255,45.213.0.0,Airtel,ZM,645,1
2604:2d80:e586::,2604:2d80:e586:ffff:ffff:ffff:ffff:ffff,2604:2d80:c000::,Verizon,US,310,4
187.184.96.0,187.184.99.255,187.184.0.0,Telcel,MX,334,20
197.52.25.0,197.52.25.255,197.52.0.0,TE Data,EG,602,4
120.169.254.0,120.169.254.255,120.169.0.0,Telkomsel,ID,510,10
5.208.193.0,5.208.195.255,5.208.0.0,IR-TCI (Hamrah-e-Avval),IR,432,11
45.97.94.0,45.97.94.255,45.97.0.0,Etisalat,EG,602,3
91.251.119.0,91.251.126.255,91.251.0.0,IR-TCI (Hamrah-e-Avval),IR,432,11
174.193.28.0,174.193.29.255,174.193.0.0,Verizon,US,310,4
2a02:c7f:af1e::,2a02:c7f:af1e:ffff:ffff:ffff:ffff:ffff,2a02:c7f:8000::,Sky Broadband,GB,234,57
2a00:1fa0:4679::,2a00:1fa0:4686:ffff:ffff:ffff:ffff:ffff,2a00:1fa0:4000::,MTS,RU,250,1
154.186.55.0,154.186.55.255,154.186.0.0,TE Data,EG,602,4
174.197.22.0,174.197.63.255,174.197.0.0,Verizon,US,311,480
131.0.212.0,131.0.215.255,131.0.0.0,Claro,UY,748,10
176.30.114.0,176.30.114.255,176.30.0.0,Turk Telekom,TR,286,3
2a02:c7f:7ad3::,2a02:c7f:7ad3:ffff:ffff:ffff:ffff:ffff,2a02:c7f:4000::,Sky Broadband,GB,234,57
223.181.108.0,223.181.111.255,223.181.0.0,AirTel,IN,404,2
37.129.37.0,37.129.37.255,37.129.0.0,Mobile Communication Company of Iran,IR,432,11
106.207.28.0,106.207.29.255,106.207.0.0,Airtel,US,310,510
2402:3a80:108f::,2402:3a80:108f:ffff:ffff:ffff:ffff:ffff,2402:3a80::,Vodafone India,IN,404,1
5.106.94.0,5.106.100.255,5.106.0.0,IR-TCI (Hamrah-e-Avval),IR,432,11
117.225.33.0,117.225.33.255,117.225.0.0,BSNL,IN,404,34
174.206.172.0,174.206.172.255,174.206.0.0,Verizon,US,310,4
2.53.183.0,2.53.183.255,2.53.0.0,Orange Israel,IL,425,1
2402:8100:21d5::,2402:8100:21d7:ffff:ffff:ffff:ffff:ffff,2402:8100::,IDEA,IN,404,4
197.192.84.0,197.192.85.255,197.192.0.0,Etisalat,EG,602,3
86.179.17.0,86.179.17.255,86.179.0.0,BT,GB,234,76
157.100.87.0,157.100.89.255,157.100.0.0,Claro,EC,740,1
120.188.72.0,120.188.87.255,120.188.0.0,INDOSAT Internet Network Provider,ID,510,1
2401:4900:3310::,2401:4900:3310:ffff:ffff:ffff:ffff:ffff,2401:4900::,AirTel,IN,404,2
2402:8100:21f4::,2402:8100:21f6:ffff:ffff:ffff:ffff:ffff,2402:8100::,IDEA,IN,404,4
95.70.245.0,95.70.245.255,95.70.0.0,Turkcell,TR,286,1
2600:380:68ab::,2600:380:68ad:ffff:ffff:ffff:ffff:ffff,2600:380:4000::,AT&T,US,310,16
188.170.70.0,188.170.71.255,188.170.0.0,MegaFon,RU,250,2
2401:4900:3289::,2401:4900:3289:ffff:ffff:ffff:ffff:ffff,2401:4900::,AirTel,IN,404,2
5.41.199.0,5.41.200.255,5.41.0.0,SaudiNet,SA,420,1
2a02:c7f:5684::,2a02:c7f:5684:ffff:ffff:ffff:ffff:ffff,2a02:c7f:4000::,Sky Broadband,GB,234,57
2a00:23c5:fc81::,2a00:23c5:fc81:ffff:ffff:ffff:ffff:ffff,2a00:23c5:c000::,BT,GB,234,76
2a00:1fa1:c25f::,2a00:1fa1:c25f:ffff:ffff:ffff:ffff:ffff,2a00:1fa1:c000::,MTS,RU,250,1
5.120.81.0,5.120.81.255,5.120.0.0,Iran Cell Service and Communication Company,IR,432,35
152.246.90.0,152.246.90.255,152.246.0.0,Vivo,BR,724,6
93.141.112.0,93.141.112.255,93.141.0.0,Hrvatski Telekom,HR,219,1
2a00:23c6:7918::,2a00:23c6:7918:ffff:ffff:ffff:ffff:ffff,2a00:23c6:4000::,BT,GB,234,76
189.6.243.0,189.6.246.255,189.6.0.0,Claro,BR,724,5
2800:810:4ff::,2800:810:4ff:ffff:ffff:ffff:ffff:ffff,2800:810::,Claro,AR,722,310
1.143.0.0,1.143.255.255,1.143.0.0,Telstra,AU,505,1
181.194.173.0,181.194.173.255,181.194.0.0,Grupo ICE,CR,712,1
27.97.144.0,27.97.144.255,27.97.0.0,IDEA,IN,404,4
2401:4900:3114::,2401:4900:3114:ffff:ffff:ffff:ffff:ffff,2401:4900::,Bharti Airtel,IN,470,7
156.174.109.0,156.174.109.255,156.174.0.0,Etisalat,EG,602,3
176.203.150.0,176.203.150.255,176.203.0.0,OOREDOO,MM,414,5
46.99.26.0,46.99.26.255,46.99.0.0,IPKO,XK,221,2
5.169.127.0,5.169.127.255,5.169.0.0,TIM,IT,222,1
2409:4043:21a::,2409:4043:21b:ffff:ffff:ffff:ffff:ffff,2409:4043::,Jio,IN,405,840
156.175.52.0,156.175.52.255,156.175.0.0,Etisalat,EG,602,3
2600:380:5e78::,2600:380:5e78:ffff:ffff:ffff:ffff:ffff,2600:380:4000::,AT&T,US,310,16
2804:389:5025::,2804:389:5026:ffff:ffff:ffff:ffff:ffff,2804:389:4000::,Claro,BR,724,5
201.20.75.0,201.20.75.255,201.20.0.0,TIM,BR,724,2
2607:fb90:c286::,2607:fb90:c28a:ffff:ffff:ffff:ffff:ffff,2607:fb90:c000::,T-Mobile,US,310,53
84.66.175.0,84.66.175.255,84.66.0.0,Vodafone Limited,GB,234,15
5.41.2.0,5.41.2.255,5.41.0.0,SaudiNet,SA,420,1
2401:4900:2606::,2401:4900:260b:ffff:ffff:ffff:ffff:ffff,2401:4900::,AirTel,IN,404,2
2607:fb90:1d6f::,2607:fb90:1d6f:ffff:ffff:ffff:ffff:ffff,2607:fb90::,T-Mobile,US,310,53
115.87.215.0,115.87.215.255,115.87.0.0,True Internet,TH,520,4
2409:4063:4392::,2409:4063:4392:ffff:ffff:ffff:ffff:ffff,2409:4063:4000::,Jio,IN,405,840
2402:1980:34b::,2402:1980:34b:ffff:ffff:ffff:ffff:ffff,2402:1980::,DiGi,MY,502,16
2600:380:8960::,2600:380:8961:ffff:ffff:ffff:ffff:ffff,2600:380:8000::,AT&T,US,310,16
2600:1700:fb80::,2600:1700:fb80:ffff:ffff:ffff:ffff:ffff,2600:1700:c000::,T-Mobile,US,310,53
2804:e94:a0b::,2804:e94:a0b:ffff:ffff:ffff:ffff:ffff,2804:e94::,TIM,BR,724,2
109.83.90.0,109.83.94.255,109.83.0.0,Mobily,SA,420,3
2401:4900:1262::,2401:4900:1262:ffff:ffff:ffff:ffff:ffff,2401:4900::,Airtel,US,310,510
112.134.253.0,112.134.253.255,112.134.0.0,Dialog,LK,413,2
2a00:23c3:8b00::,2a00:23c3:8b00:ffff:ffff:ffff:ffff:ffff,2a00:23c3:8000::,BT,GB,234,76
5.115.43.0,5.115.47.255,5.115.0.0,MTN Irancell,IR,432,35
176.201.102.0,176.201.102.255,176.201.0.0,Telecom Italia Mobile,IT,220,1
102.164.150.0,102.164.150.255,102.164.0.0,TIGO SENEGAL,SN,608,2
31.2.250.0,31.2.250.255,31.2.0.0,Mobile Communication Company of Iran,IR,432,11
212.34.19.0,212.34.20.255,212.34.0.0,Orange,JO,416,77
171.253.24.0,171.253.27.255,171.253.0.0,Viettel Mobile,VN,452,4
106.202.100.0,106.202.102.255,106.202.0.0,AirTel,IN,404,2
41.48.123.0,41.48.124.255,41.48.0.0,Cell%20C,ZA,655,7
2a00:23c4:5709::,2a00:23c4:5709:ffff:ffff:ffff:ffff:ffff,2a00:23c4:4000::,BT,GB,234,76
174.227.162.0,174.227.162.255,174.227.0.0,Verizon,US,311,480
5.41.37.0,5.41.37.255,5.41.0.0,SaudiNet,SA,420,1
2409:4072:100::,2409:4072:100:ffff:ffff:ffff:ffff:ffff,2409:4072::,Jio,IN,405,840
93.110.214.0,93.110.214.255,93.110.0.0,Mobile Communication Company of Iran PLC,IR,432,11
212.0.201.0,212.0.201.255,212.0.0.0,Unit辿,MD,259,3
2409:4042:693::,2409:4042:693:ffff:ffff:ffff:ffff:ffff,2409:4042::,Jio,IN,405,840
42.106.205.0,42.106.205.255,42.106.0.0,Vodafone IN,IN,404,20
196.90.69.0,196.90.70.255,196.90.0.0,IAM,MA,604,1
2409:4070:2e8e::,2409:4070:2e8f:ffff:ffff:ffff:ffff:ffff,2409:4070::,Jio,IN,405,840
105.9.14.0,105.9.14.255,105.9.0.0,Cell C,ZA,655,7
2607:fb90:502e::,2607:fb90:502e:ffff:ffff:ffff:ffff:ffff,2607:fb90:4000::,T-Mobile,US,310,160
94.24.80.0,94.24.80.255,94.24.0.0,Rightel,IR,432,20
197.192.176.0,197.192.183.255,197.192.0.0,Etisalat,EG,602,3
223.179.0.0,223.179.127.255,223.179.0.0,AirTel,IN,404,10
2804:14d:4082::,2804:14d:4082:ffff:ffff:ffff:ffff:ffff,2804:14d:4000::,Claro,BR,724,5
2a00:1fa1:c21c::,2a00:1fa1:c21c:ffff:ffff:ffff:ffff:ffff,2a00:1fa1:c000::,MTS PJSC,RU,251,1
2402:8100:63c5::,2402:8100:63c5:ffff:ffff:ffff:ffff:ffff,2402:8100:4000::,Vodafone India,IN,404,1
179.245.64.0,179.245.95.255,179.245.0.0,Vivo,BR,724,11
2600:100a:d005::,2600:100a:d005:ffff:ffff:ffff:ffff:ffff,2600:100a:c000::,Verizon Wireless,US,310,4
174.221.163.0,174.221.255.255,174.221.0.0,Verizon,US,311,480
120.164.46.0,120.164.46.255,120.164.0.0,Telkomsel,ID,510,10
2.55.29.0,2.55.29.255,2.55.0.0,012 Mobile,IL,425,24
2a02:c7f:aec9::,2a02:c7f:aec9:ffff:ffff:ffff:ffff:ffff,2a02:c7f:8000::,Sky Broadband,GB,234,57
2600:1001:1132::,2600:1001:1132:ffff:ffff:ffff:ffff:ffff,2600:1001::,Verizon,US,310,4
51.36.127.0,51.36.127.255,51.36.0.0,Zain%20SA,SA,420,4
2409:4063:409b::,2409:4063:409b:ffff:ffff:ffff:ffff:ffff,2409:4063:4000::,Jio,IN,405,840
191.156.128.0,191.156.159.255,191.156.0.0,Claro,CO,732,101
223.181.37.0,223.181.37.255,223.181.0.0,AirTel,IN,404,2
160.157.80.0,160.157.83.255,160.157.0.0,Orange,TN,605,1
5.112.84.0,5.112.84.255,5.112.0.0,Iran Cell Service and Communication Company,IR,432,35
154.145.44.0,154.145.44.255,154.145.0.0,IAM,MA,604,1
5.116.93.0,5.116.101.255,5.116.0.0,MTN Irancell,IR,432,35
5.46.208.0,5.46.208.255,5.46.0.0,Turk Telekom,TR,286,3
223.186.41.0,223.186.41.255,223.186.0.0,Bharti Airtel,IN,470,7
196.158.0.0,196.158.5.255,196.158.0.0,Vodafone,EG,602,2
2607:fb90:aa81::,2607:fb90:aa82:ffff:ffff:ffff:ffff:ffff,2607:fb90:8000::,T-Mobile,US,310,160
77.243.24.0,77.243.27.255,77.243.0.0,VIP,RS,220,5
86.167.132.0,86.167.132.255,86.167.0.0,BT,GB,234,76
112.215.152.0,112.215.152.255,112.215.0.0,XL,ID,510,11
240a:10:4864::,240a:10:4866:ffff:ffff:ffff:ffff:ffff,240a:10:4000::,NTT docomo,JP,440,10
2600:380:5c60::,2600:380:5c61:ffff:ffff:ffff:ffff:ffff,2600:380:4000::,AT&T,US,310,16
2402:8100:3941::,2402:8100:3941:ffff:ffff:ffff:ffff:ffff,2402:8100::,Vodafone Idea,IN,404,1
2409:4002:2e0f::,2409:4002:2e0f:ffff:ffff:ffff:ffff:ffff,2409:4002::,Jio,IN,405,840
139.167.249.0,139.167.253.255,139.167.0.0,Jio,IN,405,840
2001:44c8:42af::,2001:44c8:42af:ffff:ffff:ffff:ffff:ffff,2001:44c8:4000::,AIS,TH,520,1
5.117.80.0,5.117.80.255,5.117.0.0,Iran Cell Service and Communication Company,IR,432,35
2401:4900:2304::,2401:4900:2304:ffff:ffff:ffff:ffff:ffff,2401:4900::,Airtel,US,310,510
106.223.30.0,106.223.31.255,106.223.0.0,Airtel,IN,404,10
152.235.0.0,152.235.191.255,152.235.0.0,Oi,BR,724,30
5.208.244.0,5.208.244.255,5.208.0.0,Mobile Communication Company of Iran,IR,432,11
2607:fb90:aa88::,2607:fb90:aa8d:ffff:ffff:ffff:ffff:ffff,2607:fb90:8000::,T-Mobile,US,310,160
2001:b07:6473::,2001:b07:6473:ffff:ffff:ffff:ffff:ffff,2001:b07:4000::,Fastweb,IT,222,8
2600:1014:1049::,2600:1014:105d:ffff:ffff:ffff:ffff:ffff,2600:1014::,Verizon,US,310,4
46.154.184.0,46.154.255.255,46.154.0.0,Vodafone,TR,286,2
37.173.7.0,37.173.7.255,37.173.0.0,Free,FR,208,15
2a00:23c7:ed11::,2a00:23c7:ed11:ffff:ffff:ffff:ffff:ffff,2a00:23c7:c000::,BT,GB,234,76
2607:fc20:f01d::,2607:fc20:f01d:ffff:ffff:ffff:ffff:ffff,2607:fc20:c000::,T-Mobile,US,310,160
42.75.146.0,42.75.146.255,42.75.0.0,Chunghwa Telecom,TW,466,92
105.144.177.0,105.144.177.255,105.144.0.0,IAM,MA,604,1
2409:4064:2508::,2409:4064:2508:ffff:ffff:ffff:ffff:ffff,2409:4064::,Jio,IN,405,840
5.82.21.0,5.82.21.255,5.82.0.0,Mobily,SA,420,3
188.149.0.0,188.149.255.255,188.149.0.0,Telia,NO,242,5
46.6.152.0,46.6.190.255,46.6.0.0,Yoigo,ES,214,4
5.125.48.0,5.125.48.255,5.125.0.0,Iran Cell Service and Communication Company,IR,432,35
93.169.172.0,93.169.172.255,93.169.0.0,SaudiNet,SA,420,1
197.212.2.0,197.212.11.255,197.212.0.0,Airtel,ZM,645,1
2409:4042:79b::,2409:4042:79b:ffff:ffff:ffff:ffff:ffff,2409:4042::,Jio,IN,405,840
178.104.108.0,178.104.108.255,178.104.0.0,EE,GB,235,1
2409:4055:2e80::,2409:4055:2e81:ffff:ffff:ffff:ffff:ffff,2409:4055::,Jio,IN,405,840
2401:4900:1742::,2401:4900:1743:ffff:ffff:ffff:ffff:ffff,2401:4900::,Airtel,US,310,510
2402:3a80:13be::,2402:3a80:13bf:ffff:ffff:ffff:ffff:ffff,2402:3a80::,Vodafone India,IN,404,1
37.111.202.0,37.111.202.255,37.111.0.0,TELENOR,RS,220,1
2402:1980:834b::,2402:1980:834b:ffff:ffff:ffff:ffff:ffff,2402:1980:8000::,DiGi,MY,502,16
80.215.8.0,80.215.8.255,80.215.0.0,Bouygues Telecom,FR,208,20
86.185.172.0,86.185.172.255,86.185.0.0,BT,GB,234,76
94.71.185.0,94.71.185.255,94.71.0.0,Cosmote,GR,202,1
41.147.0.0,41.147.1.255,41.147.0.0,Telkom,ZA,655,2
223.141.242.0,223.141.255.255,223.141.0.0,Chunghwa,TW,466,92
179.200.0.0,179.200.255.255,179.200.0.0,TIM,BR,724,4
31.80.13.0,31.80.26.255,31.80.0.0,T-Mobile UK,GB,234,30
2a00:1fa2:c421::,2a00:1fa2:c421:ffff:ffff:ffff:ffff:ffff,2a00:1fa2:c000::,MTS,RU,250,1
2409:4043:492::,2409:4043:492:ffff:ffff:ffff:ffff:ffff,2409:4043::,Jio,IN,405,840
31.65.31.0,31.65.31.255,31.65.0.0,EE,GB,235,1
106.204.51.0,106.204.53.255,106.204.0.0,AirTel,IN,404,2
83.137.1.0,83.137.1.255,83.137.0.0,LycaMobile,FR,208,25
86.139.20.0,86.139.20.255,86.139.0.0,BT,GB,234,76
126.158.0.0,126.158.128.255,126.158.0.0,SoftBank,JP,441,1
109.83.228.0,109.83.240.255,109.83.0.0,Mobily,SA,420,3
176.182.5.0,176.182.5.255,176.182.0.0,Bouygues Telecom,FR,208,20
171.48.113.0,171.48.113.255,171.48.0.0,Airtel,US,310,510
160.171.100.0,160.171.100.255,160.171.0.0,IAM,MA,604,1
213.143.48.0,213.143.51.255,213.143.0.0,Orange,ES,214,3
180.217.192.0,180.217.205.255,180.217.0.0,T Star,TW,466,89
2607:fb90:6e62::,2607:fb90:6e62:ffff:ffff:ffff:ffff:ffff,2607:fb90:4000::,T-Mobile,US,310,160
2404:160:8105::,2404:160:8108:ffff:ffff:ffff:ffff:ffff,2404:160:8000::,Celcom,MY,502,13
5.90.96.0,5.90.101.255,5.90.0.0,Vodafone,IT,222,6
86.179.224.0,86.179.224.255,86.179.0.0,BT,GB,234,76
36.252.254.0,36.252.255.255,36.252.0.0,Ncell,NP,429,2
86.129.0.0,86.129.0.255,86.129.0.0,BT,GB,234,76
196.225.74.0,196.225.84.255,196.225.0.0,Orange,TN,605,1
2405:3800:80a::,2405:3800:80c:ffff:ffff:ffff:ffff:ffff,2405:3800::,U Mobile,MY,502,18
174.203.194.0,174.203.211.255,174.203.0.0,Verizon,US,311,480
2a00:1fa1:8229::,2a00:1fa1:822a:ffff:ffff:ffff:ffff:ffff,2a00:1fa1:8000::,MTS,RU,250,1
223.186.150.0,223.186.150.255,223.186.0.0,AirTel,IN,404,2
2401:4900:384f::,2401:4900:384f:ffff:ffff:ffff:ffff:ffff,2401:4900::,Bharti Airtel,IN,470,7
102.181.192.0,102.181.207.255,102.181.0.0,MTN,SD,634,2
182.66.4.0,182.66.4.255,182.66.0.0,AirTel,IN,404,2
106.198.80.0,106.198.80.255,106.198.0.0,Airtel,US,310,510
2a02:c7f:fb07::,2a02:c7f:fb07:ffff:ffff:ffff:ffff:ffff,2a02:c7f:c000::,Sky Broadband,GB,234,57
